episode_index,length,dataset_from_index,dataset_to_index,original_frame_min,original_frame_max,official_env,fully_within_single_scene,env_counts,task_index
0,43,0,43,1572904,1572946,A,True,"{""A"": 43}",0
1,65,43,108,170786,170850,B,True,"{""B"": 65}",1
2,65,108,173,764972,765036,C,True,"{""C"": 65}",2
3,44,173,217,1001911,1001954,C,True,"{""C"": 44}",3
4,65,217,282,1601622,1601686,A,True,"{""A"": 65}",4
5,65,282,347,738113,738177,C,True,"{""C"": 65}",5
6,46,347,393,151144,151189,B,True,"{""B"": 46}",6
7,65,393,458,222353,222417,B,True,"{""B"": 65}",7
8,65,458,523,945056,945120,C,True,"{""C"": 65}",8
9,48,523,571,664704,664751,C,True,"{""C"": 48}",9
10,65,571,636,365243,365307,B,True,"{""B"": 65}",10
11,65,636,701,663103,663167,C,True,"{""C"": 65}",11
12,65,701,766,1768421,1768485,A,True,"{""A"": 65}",12
13,65,766,831,1513324,1513388,A,True,"{""A"": 65}",13
14,49,831,880,1712581,1712629,A,True,"{""A"": 49}",14
15,65,880,945,376473,376537,B,True,"{""B"": 65}",15
16,65,945,1010,1748057,1748121,A,True,"{""A"": 65}",16
17,65,1010,1075,1148499,1148563,C,True,"{""C"": 65}",17
18,65,1075,1140,858715,858779,C,True,"{""C"": 65}",10
19,65,1140,1205,90670,90734,B,True,"{""B"": 65}",18
20,65,1205,1270,1765490,1765554,A,True,"{""A"": 65}",19
21,65,1270,1335,935247,935311,C,True,"{""C"": 65}",4
22,37,1335,1372,1114422,1114458,C,True,"{""C"": 37}",20
23,65,1372,1437,1608543,1608607,A,True,"{""A"": 65}",21
24,65,1437,1502,233377,233441,B,True,"{""B"": 65}",8
25,65,1502,1567,1325434,1325498,A,True,"{""A"": 65}",22
26,37,1567,1604,1791912,1791948,A,True,"{""A"": 37}",23
27,65,1604,1669,764965,765029,C,True,"{""C"": 65}",24
28,65,1669,1734,1543334,1543398,A,True,"{""A"": 65}",23
29,65,1734,1799,147147,147211,B,True,"{""B"": 65}",12
30,42,1799,1841,771537,771578,C,True,"{""C"": 42}",25
31,38,1841,1879,1786328,1786365,A,True,"{""A"": 38}",26
32,65,1879,1944,1596025,1596089,A,True,"{""A"": 65}",27
33,44,1944,1988,520226,520269,B,True,"{""B"": 44}",28
34,65,1988,2053,87690,87754,B,True,"{""B"": 65}",29
35,65,2053,2118,1635728,1635792,A,True,"{""A"": 65}",30
36,65,2118,2183,383839,383903,B,True,"{""B"": 65}",29
37,65,2183,2248,1725587,1725651,A,True,"{""A"": 65}",31
38,65,2248,2313,591555,591619,B,True,"{""B"": 65}",5
39,35,2313,2348,769025,769059,C,True,"{""C"": 35}",32
40,40,2348,2388,287191,287230,B,True,"{""B"": 40}",18
41,65,2388,2453,84520,84584,B,True,"{""B"": 65}",33
42,65,2453,2518,1274278,1274342,A,True,"{""A"": 65}",34
43,49,2518,2567,946099,946147,C,True,"{""C"": 49}",20
44,40,2567,2607,1243657,1243696,A,True,"{""A"": 40}",35
45,65,2607,2672,378322,378386,B,True,"{""B"": 65}",36
46,65,2672,2737,1646125,1646189,A,True,"{""A"": 65}",37
47,65,2737,2802,254763,254827,B,True,"{""B"": 65}",38
48,65,2802,2867,834748,834812,C,True,"{""C"": 65}",39
49,65,2867,2932,1534254,1534318,A,True,"{""A"": 65}",35
50,65,2932,2997,249757,249821,B,True,"{""B"": 65}",40
51,39,2997,3036,1789896,1789934,A,True,"{""A"": 39}",41
52,65,3036,3101,637840,637904,C,True,"{""C"": 65}",42
53,43,3101,3144,1214135,1214177,A,True,"{""A"": 43}",43
54,65,3144,3209,1779820,1779884,A,True,"{""A"": 65}",21
55,65,3209,3274,1655064,1655128,A,True,"{""A"": 65}",44
56,65,3274,3339,43517,43581,B,True,"{""B"": 65}",45
57,40,3339,3379,1369558,1369597,A,True,"{""A"": 40}",46
58,65,3379,3444,806230,806294,C,True,"{""C"": 65}",47
59,65,3444,3509,477693,477757,B,True,"{""B"": 65}",16
60,49,3509,3558,1436816,1436864,A,True,"{""A"": 49}",48
61,49,3558,3607,868763,868811,C,True,"{""C"": 49}",49
62,65,3607,3672,1498075,1498139,A,True,"{""A"": 65}",50
63,65,3672,3737,457760,457824,B,True,"{""B"": 65}",51
64,65,3737,3802,320897,320961,B,True,"{""B"": 65}",52
65,65,3802,3867,1385541,1385605,A,True,"{""A"": 65}",53
66,65,3867,3932,614096,614160,C,True,"{""C"": 65}",54
67,65,3932,3997,1067503,1067567,C,True,"{""C"": 65}",52
68,65,3997,4062,907532,907596,C,True,"{""C"": 65}",6
69,65,4062,4127,1425947,1426011,A,True,"{""A"": 65}",55
70,46,4127,4173,351432,351477,B,True,"{""B"": 46}",16
71,65,4173,4238,634501,634565,C,True,"{""C"": 65}",56
72,65,4238,4303,1713503,1713567,A,True,"{""A"": 65}",39
73,42,4303,4345,1535389,1535430,A,True,"{""A"": 42}",13
74,65,4345,4410,1515157,1515221,A,True,"{""A"": 65}",57
75,65,4410,4475,1769920,1769984,A,True,"{""A"": 65}",58
76,65,4475,4540,1312745,1312809,A,True,"{""A"": 65}",9
77,65,4540,4605,1102869,1102933,C,True,"{""C"": 65}",59
78,65,4605,4670,1470862,1470926,A,True,"{""A"": 65}",18
79,65,4670,4735,209222,209286,B,True,"{""B"": 65}",60
80,36,4735,4771,803342,803377,C,True,"{""C"": 36}",46
81,65,4771,4836,142952,143016,B,True,"{""B"": 65}",61
82,65,4836,4901,260777,260841,B,True,"{""B"": 65}",62
83,65,4901,4966,1622559,1622623,A,True,"{""A"": 65}",63
84,65,4966,5031,89062,89126,B,True,"{""B"": 65}",64
85,46,5031,5077,1184545,1184590,C,True,"{""C"": 46}",65
86,65,5077,5142,1559896,1559960,A,True,"{""A"": 65}",66
87,65,5142,5207,680729,680793,C,True,"{""C"": 65}",67
88,65,5207,5272,449116,449180,B,True,"{""B"": 65}",68
89,65,5272,5337,4602,4666,B,True,"{""B"": 65}",69
90,65,5337,5402,337228,337292,B,True,"{""B"": 65}",21
91,65,5402,5467,69326,69390,B,True,"{""B"": 65}",70
92,65,5467,5532,233118,233182,B,True,"{""B"": 65}",71
93,65,5532,5597,1161496,1161560,C,True,"{""C"": 65}",72
94,65,5597,5662,1598741,1598805,A,True,"{""A"": 65}",14
95,65,5662,5727,550563,550627,B,True,"{""B"": 65}",73
96,34,5727,5761,675746,675779,C,True,"{""C"": 34}",74
97,65,5761,5826,1238248,1238312,A,True,"{""A"": 65}",75
98,65,5826,5891,1782914,1782978,A,True,"{""A"": 65}",72
99,65,5891,5956,19720,19784,B,True,"{""B"": 65}",76
100,65,5956,6021,1356837,1356901,A,True,"{""A"": 65}",10
101,65,6021,6086,907311,907375,C,True,"{""C"": 65}",77
102,65,6086,6151,1124514,1124578,C,True,"{""C"": 65}",66
103,48,6151,6199,948496,948543,C,True,"{""C"": 48}",78
104,43,6199,6242,1422581,1422623,A,True,"{""A"": 43}",79
105,65,6242,6307,1110176,1110240,C,True,"{""C"": 65}",80
106,65,6307,6372,893124,893188,C,True,"{""C"": 65}",81
107,65,6372,6437,283917,283981,B,True,"{""B"": 65}",82
108,65,6437,6502,571254,571318,B,True,"{""B"": 65}",83
109,65,6502,6567,1383990,1384054,A,True,"{""A"": 65}",84
110,36,6567,6603,472754,472789,B,True,"{""B"": 36}",85
111,65,6603,6668,730557,730621,C,True,"{""C"": 65}",66
112,65,6668,6733,25963,26027,B,True,"{""B"": 65}",18
113,65,6733,6798,1392421,1392485,A,True,"{""A"": 65}",86
114,65,6798,6863,948761,948825,C,True,"{""C"": 65}",87
115,65,6863,6928,1433622,1433686,A,True,"{""A"": 65}",88
116,65,6928,6993,1203223,1203287,A,True,"{""A"": 65}",66
117,65,6993,7058,252031,252095,B,True,"{""B"": 65}",89
118,41,7058,7099,695871,695911,C,True,"{""C"": 41}",90
119,44,7099,7143,1060163,1060206,C,True,"{""C"": 44}",91
120,37,7143,7180,1239756,1239792,A,True,"{""A"": 37}",92
121,65,7180,7245,601739,601803,C,True,"{""C"": 65}",21
122,65,7245,7310,759186,759250,C,True,"{""C"": 65}",93
123,65,7310,7375,1030077,1030141,C,True,"{""C"": 65}",94
124,65,7375,7440,28957,29021,B,True,"{""B"": 65}",95
125,65,7440,7505,429317,429381,B,True,"{""B"": 65}",96
126,65,7505,7570,900877,900941,C,True,"{""C"": 65}",97
127,65,7570,7635,550568,550632,B,True,"{""B"": 65}",98
128,34,7635,7669,1556721,1556754,A,True,"{""A"": 34}",53
129,40,7669,7709,985455,985494,C,True,"{""C"": 40}",31
130,65,7709,7774,498658,498722,B,True,"{""B"": 65}",99
131,43,7774,7817,1190822,1190864,C,True,"{""C"": 43}",100
132,65,7817,7882,1032513,1032577,C,True,"{""C"": 65}",101
133,65,7882,7947,1403535,1403599,A,True,"{""A"": 65}",47
134,65,7947,8012,541642,541706,B,True,"{""B"": 65}",102
135,65,8012,8077,451003,451067,B,True,"{""B"": 65}",103
136,65,8077,8142,908887,908951,C,True,"{""C"": 65}",104
137,65,8142,8207,51739,51803,B,True,"{""B"": 65}",105
138,48,8207,8255,1608663,1608710,A,True,"{""A"": 48}",106
139,65,8255,8320,425723,425787,B,True,"{""B"": 65}",27
140,65,8320,8385,1674591,1674655,A,True,"{""A"": 65}",107
141,65,8385,8450,759064,759128,C,True,"{""C"": 65}",56
142,38,8450,8488,1318832,1318869,A,True,"{""A"": 38}",95
143,65,8488,8553,1649850,1649914,A,True,"{""A"": 65}",108
144,45,8553,8598,111097,111141,B,True,"{""B"": 45}",13
145,65,8598,8663,77499,77563,B,True,"{""B"": 65}",109
146,65,8663,8728,408025,408089,B,True,"{""B"": 65}",110
147,65,8728,8793,220532,220596,B,True,"{""B"": 65}",111
148,65,8793,8858,750459,750523,C,True,"{""C"": 65}",1
149,65,8858,8923,1605012,1605076,A,True,"{""A"": 65}",55
150,65,8923,8988,1554220,1554284,A,True,"{""A"": 65}",112
151,65,8988,9053,43511,43575,B,True,"{""B"": 65}",113
152,65,9053,9118,623095,623159,C,True,"{""C"": 65}",114
153,65,9118,9183,1326368,1326432,A,True,"{""A"": 65}",115
154,65,9183,9248,1292149,1292213,A,True,"{""A"": 65}",116
155,35,9248,9283,814223,814257,C,True,"{""C"": 35}",28
156,65,9283,9348,568178,568242,B,True,"{""B"": 65}",88
157,65,9348,9413,859394,859458,C,True,"{""C"": 65}",44
158,65,9413,9478,1353199,1353263,A,True,"{""A"": 65}",14
159,65,9478,9543,1510925,1510989,A,True,"{""A"": 65}",117
160,34,9543,9577,1185750,1185783,C,True,"{""C"": 34}",118
161,65,9577,9642,1293374,1293438,A,True,"{""A"": 65}",119
162,42,9642,9684,423319,423360,B,True,"{""B"": 42}",120
163,49,9684,9733,1793279,1793327,A,True,"{""A"": 49}",28
164,45,9733,9778,1035208,1035252,C,True,"{""C"": 45}",121
165,65,9778,9843,1443471,1443535,A,True,"{""A"": 65}",29
166,65,9843,9908,216332,216396,B,True,"{""B"": 65}",122
167,49,9908,9957,1602315,1602363,A,True,"{""A"": 49}",41
168,39,9957,9996,447358,447396,B,True,"{""B"": 39}",123
169,65,9996,10061,600630,600694,C,True,"{""C"": 65}",47
170,65,10061,10126,577441,577505,B,True,"{""B"": 65}",10
171,42,10126,10168,1103947,1103988,C,True,"{""C"": 42}",40
172,65,10168,10233,1395129,1395193,A,True,"{""A"": 65}",124
173,65,10233,10298,633029,633093,C,True,"{""C"": 65}",125
174,65,10298,10363,684317,684381,C,True,"{""C"": 65}",126
175,45,10363,10408,191549,191593,B,True,"{""B"": 45}",127
176,41,10408,10449,1500689,1500729,A,True,"{""A"": 41}",128
177,65,10449,10514,545871,545935,B,True,"{""B"": 65}",129
178,65,10514,10579,1568371,1568435,A,True,"{""A"": 65}",130
179,49,10579,10628,433739,433787,B,True,"{""B"": 49}",60
180,65,10628,10693,1157271,1157335,C,True,"{""C"": 65}",131
181,65,10693,10758,590912,590976,B,True,"{""B"": 65}",97
182,35,10758,10793,1697069,1697103,A,True,"{""A"": 35}",53
183,65,10793,10858,982277,982341,C,True,"{""C"": 65}",43
184,38,10858,10896,1430331,1430368,A,True,"{""A"": 38}",22
185,45,10896,10941,1312619,1312663,A,True,"{""A"": 45}",132
186,65,10941,11006,653595,653659,C,True,"{""C"": 65}",133
187,65,11006,11071,1145481,1145545,C,True,"{""C"": 65}",134
188,65,11071,11136,171017,171081,B,True,"{""B"": 65}",135
189,65,11136,11201,1349108,1349172,A,True,"{""A"": 65}",136
190,65,11201,11266,1028879,1028943,C,True,"{""C"": 65}",113
191,65,11266,11331,1257524,1257588,A,True,"{""A"": 65}",137
192,65,11331,11396,803971,804035,C,True,"{""C"": 65}",45
193,65,11396,11461,1792820,1792884,A,True,"{""A"": 65}",85
194,65,11461,11526,981473,981537,C,True,"{""C"": 65}",138
195,39,11526,11565,1166284,1166322,C,True,"{""C"": 39}",139
196,65,11565,11630,386969,387033,B,True,"{""B"": 65}",112
197,65,11630,11695,1329036,1329100,A,True,"{""A"": 65}",140
198,65,11695,11760,877011,877075,C,True,"{""C"": 65}",11
199,65,11760,11825,773547,773611,C,True,"{""C"": 65}",126
200,65,11825,11890,462147,462211,B,True,"{""B"": 65}",72
201,65,11890,11955,1097356,1097420,C,True,"{""C"": 65}",126
202,65,11955,12020,1374871,1374935,A,True,"{""A"": 65}",141
203,65,12020,12085,271918,271982,B,True,"{""B"": 65}",142
204,65,12085,12150,1190584,1190648,C,True,"{""C"": 65}",85
205,65,12150,12215,709508,709572,C,True,"{""C"": 65}",103
206,65,12215,12280,1393726,1393790,A,True,"{""A"": 65}",112
207,37,12280,12317,34547,34583,B,True,"{""B"": 37}",35
208,65,12317,12382,225061,225125,B,True,"{""B"": 65}",13
209,65,12382,12447,225674,225738,B,True,"{""B"": 65}",88
210,65,12447,12512,36873,36937,B,True,"{""B"": 65}",143
211,65,12512,12577,274170,274234,B,True,"{""B"": 65}",144
212,65,12577,12642,214908,214972,B,True,"{""B"": 65}",145
213,36,12642,12678,534400,534435,B,True,"{""B"": 36}",53
214,65,12678,12743,474656,474720,B,True,"{""B"": 65}",146
215,65,12743,12808,583867,583931,B,True,"{""B"": 65}",147
216,65,12808,12873,77496,77560,B,True,"{""B"": 65}",109
217,49,12873,12922,915486,915534,C,True,"{""C"": 49}",148
218,46,12922,12968,1793281,1793326,A,True,"{""A"": 46}",105
219,65,12968,13033,1532298,1532362,A,True,"{""A"": 65}",149
220,65,13033,13098,777222,777286,C,True,"{""C"": 65}",124
221,65,13098,13163,3586,3650,B,True,"{""B"": 65}",107
222,65,13163,13228,1242776,1242840,A,True,"{""A"": 65}",4
223,65,13228,13293,470363,470427,B,True,"{""B"": 65}",150
224,65,13293,13358,78049,78113,B,True,"{""B"": 65}",151
225,65,13358,13423,1549678,1549742,A,True,"{""A"": 65}",97
226,49,13423,13472,855947,855995,C,True,"{""C"": 49}",152
227,65,13472,13537,638876,638940,C,True,"{""C"": 65}",66
228,65,13537,13602,1389864,1389928,A,True,"{""A"": 65}",153
229,65,13602,13667,305321,305385,B,True,"{""B"": 65}",154
230,65,13667,13732,1121612,1121676,C,True,"{""C"": 65}",155
231,37,13732,13769,980871,980907,C,True,"{""C"": 37}",20
232,49,13769,13818,1425533,1425581,A,True,"{""A"": 49}",95
233,65,13818,13883,999287,999351,C,True,"{""C"": 65}",8
234,34,13883,13917,985131,985164,C,True,"{""C"": 34}",156
235,65,13917,13982,1690221,1690285,A,True,"{""A"": 65}",29
236,65,13982,14047,674665,674729,C,True,"{""C"": 65}",157
237,65,14047,14112,867602,867666,C,True,"{""C"": 65}",158
238,65,14112,14177,870381,870445,C,True,"{""C"": 65}",159
239,65,14177,14242,1351553,1351617,A,True,"{""A"": 65}",160
240,38,14242,14280,980077,980114,C,True,"{""C"": 38}",50
241,65,14280,14345,96359,96423,B,True,"{""B"": 65}",156
242,35,14345,14380,1113666,1113700,C,True,"{""C"": 35}",161
243,65,14380,14445,98620,98684,B,True,"{""B"": 65}",80
244,65,14445,14510,91558,91622,B,True,"{""B"": 65}",162
245,65,14510,14575,1568461,1568525,A,True,"{""A"": 65}",70
246,65,14575,14640,465581,465645,B,True,"{""B"": 65}",163
247,65,14640,14705,1019067,1019131,C,True,"{""C"": 65}",164
248,65,14705,14770,1352966,1353030,A,True,"{""A"": 65}",165
249,65,14770,14835,30122,30186,B,True,"{""B"": 65}",166
250,65,14835,14900,999410,999474,C,True,"{""C"": 65}",6
251,65,14900,14965,89092,89156,B,True,"{""B"": 65}",46
252,65,14965,15030,1494895,1494959,A,True,"{""A"": 65}",141
253,65,15030,15095,234157,234221,B,True,"{""B"": 65}",101
254,36,15095,15131,1162113,1162148,C,True,"{""C"": 36}",110
255,65,15131,15196,482565,482629,B,True,"{""B"": 65}",149
256,65,15196,15261,1293081,1293145,A,True,"{""A"": 65}",167
257,65,15261,15326,795510,795574,C,True,"{""C"": 65}",88
258,46,15326,15372,824096,824141,C,True,"{""C"": 46}",161
259,65,15372,15437,1055377,1055441,C,True,"{""C"": 65}",58
260,48,15437,15485,445346,445393,B,True,"{""B"": 48}",168
261,65,15485,15550,1675410,1675474,A,True,"{""A"": 65}",169
262,43,15550,15593,1572732,1572774,A,True,"{""A"": 43}",170
263,65,15593,15658,585309,585373,B,True,"{""B"": 65}",171
264,65,15658,15723,969316,969380,C,True,"{""C"": 65}",172
265,65,15723,15788,1279487,1279551,A,True,"{""A"": 65}",60
266,39,15788,15827,20980,21018,B,True,"{""B"": 39}",39
267,65,15827,15892,125655,125719,B,True,"{""B"": 65}",173
268,65,15892,15957,505055,505119,B,True,"{""B"": 65}",174
269,42,15957,15999,1170845,1170886,C,True,"{""C"": 42}",175
270,34,15999,16033,490449,490482,B,True,"{""B"": 34}",176
271,65,16033,16098,1284020,1284084,A,True,"{""A"": 65}",35
272,48,16098,16146,154769,154816,B,True,"{""B"": 48}",177
273,35,16146,16181,1465640,1465674,A,True,"{""A"": 35}",178
274,36,16181,16217,1035963,1035998,C,True,"{""C"": 36}",0
275,65,16217,16282,1374403,1374467,A,True,"{""A"": 65}",33
276,38,16282,16320,1657180,1657217,A,True,"{""A"": 38}",27
277,65,16320,16385,1172707,1172771,C,True,"{""C"": 65}",124
278,65,16385,16450,646153,646217,C,True,"{""C"": 65}",5
279,65,16450,16515,1305668,1305732,A,True,"{""A"": 65}",179
280,34,16515,16549,1739319,1739352,A,True,"{""A"": 34}",180
281,65,16549,16614,306775,306839,B,True,"{""B"": 65}",69
282,65,16614,16679,88111,88175,B,True,"{""B"": 65}",154
283,65,16679,16744,895430,895494,C,True,"{""C"": 65}",153
284,39,16744,16783,965731,965769,C,True,"{""C"": 39}",143
285,65,16783,16848,355158,355222,B,True,"{""B"": 65}",181
286,65,16848,16913,933836,933900,C,True,"{""C"": 65}",182
287,48,16913,16961,1252927,1252974,A,True,"{""A"": 48}",14
288,65,16961,17026,1626228,1626292,A,True,"{""A"": 65}",61
289,47,17026,17073,283195,283241,B,True,"{""B"": 47}",62
290,40,17073,17113,24601,24640,B,True,"{""B"": 40}",84
291,65,17113,17178,1012585,1012649,C,True,"{""C"": 65}",146
292,65,17178,17243,1666679,1666743,A,True,"{""A"": 65}",173
293,65,17243,17308,292413,292477,B,True,"{""B"": 65}",183
294,65,17308,17373,27339,27403,B,True,"{""B"": 65}",160
295,65,17373,17438,353918,353982,B,True,"{""B"": 65}",57
296,65,17438,17503,1556792,1556856,A,True,"{""A"": 65}",27
297,65,17503,17568,863868,863932,C,True,"{""C"": 65}",11
298,48,17568,17616,165770,165817,B,True,"{""B"": 48}",184
299,65,17616,17681,430586,430650,B,True,"{""B"": 65}",164
300,65,17681,17746,1561417,1561481,A,True,"{""A"": 65}",22
301,65,17746,17811,1576597,1576661,A,True,"{""A"": 65}",40
302,43,17811,17854,20931,20973,B,True,"{""B"": 43}",185
303,47,17854,17901,482383,482429,B,True,"{""B"": 47}",186
304,65,17901,17966,36096,36160,B,True,"{""B"": 65}",119
305,36,17966,18002,794651,794686,C,True,"{""C"": 36}",169
306,65,18002,18067,1144154,1144218,C,True,"{""C"": 65}",187
307,65,18067,18132,186935,186999,B,True,"{""B"": 65}",188
308,65,18132,18197,308760,308824,B,True,"{""B"": 65}",80
309,65,18197,18262,89390,89454,B,True,"{""B"": 65}",69
310,65,18262,18327,165024,165088,B,True,"{""B"": 65}",98
311,36,18327,18363,607308,607343,C,True,"{""C"": 36}",60
312,65,18363,18428,170668,170732,B,True,"{""B"": 65}",2
313,65,18428,18493,867802,867866,C,True,"{""C"": 65}",189
314,40,18493,18533,861515,861554,C,True,"{""C"": 40}",190
315,43,18533,18576,1511087,1511129,A,True,"{""A"": 43}",191
316,65,18576,18641,717487,717551,C,True,"{""C"": 65}",12
317,65,18641,18706,220851,220915,B,True,"{""B"": 65}",192
318,65,18706,18771,1098483,1098547,C,True,"{""C"": 65}",26
319,65,18771,18836,624991,625055,C,True,"{""C"": 65}",37
320,65,18836,18901,1359503,1359567,A,True,"{""A"": 65}",160
321,47,18901,18948,1396175,1396221,A,True,"{""A"": 47}",177
322,65,18948,19013,1006837,1006901,C,True,"{""C"": 65}",166
323,65,19013,19078,844612,844676,C,True,"{""C"": 65}",193
324,43,19078,19121,1537769,1537811,A,True,"{""A"": 43}",191
325,65,19121,19186,752942,753006,C,True,"{""C"": 65}",194
326,65,19186,19251,1543526,1543590,A,True,"{""A"": 65}",195
327,65,19251,19316,1475113,1475177,A,True,"{""A"": 65}",196
328,65,19316,19381,959150,959214,C,True,"{""C"": 65}",117
329,65,19381,19446,1103567,1103631,C,True,"{""C"": 65}",109
330,65,19446,19511,900390,900454,C,True,"{""C"": 65}",51
331,65,19511,19576,275047,275111,B,True,"{""B"": 65}",123
332,65,19576,19641,52852,52916,B,True,"{""B"": 65}",197
333,65,19641,19706,1544596,1544660,A,True,"{""A"": 65}",143
334,65,19706,19771,353290,353354,B,True,"{""B"": 65}",198
335,46,19771,19817,434950,434995,B,True,"{""B"": 46}",199
336,38,19817,19855,1465179,1465216,A,True,"{""A"": 38}",50
337,65,19855,19920,170528,170592,B,True,"{""B"": 65}",200
338,65,19920,19985,57249,57313,B,True,"{""B"": 65}",201
339,65,19985,20050,620606,620670,C,True,"{""C"": 65}",202
340,65,20050,20115,1745782,1745846,A,True,"{""A"": 65}",203
341,65,20115,20180,1247535,1247599,A,True,"{""A"": 65}",72
342,45,20180,20225,17765,17809,B,True,"{""B"": 45}",41
343,65,20225,20290,431852,431916,B,True,"{""B"": 65}",71
344,65,20290,20355,172585,172649,B,True,"{""B"": 65}",75
345,65,20355,20420,1049180,1049244,C,True,"{""C"": 65}",141
346,65,20420,20485,62937,63001,B,True,"{""B"": 65}",16
347,65,20485,20550,997306,997370,C,True,"{""C"": 65}",193
348,43,20550,20593,563252,563294,B,True,"{""B"": 43}",204
349,43,20593,20636,1015659,1015701,C,True,"{""C"": 43}",156
350,65,20636,20701,11896,11960,B,True,"{""B"": 65}",40
351,65,20701,20766,1162311,1162375,C,True,"{""C"": 65}",205
352,65,20766,20831,1093316,1093380,C,True,"{""C"": 65}",37
353,65,20831,20896,1135343,1135407,C,True,"{""C"": 65}",61
354,65,20896,20961,1271023,1271087,A,True,"{""A"": 65}",206
355,65,20961,21026,286118,286182,B,True,"{""B"": 65}",39
356,47,21026,21073,992899,992945,C,True,"{""C"": 47}",207
357,65,21073,21138,271498,271562,B,True,"{""B"": 65}",50
358,65,21138,21203,1057900,1057964,C,True,"{""C"": 65}",51
359,65,21203,21268,797063,797127,C,True,"{""C"": 65}",12
360,65,21268,21333,309658,309722,B,True,"{""B"": 65}",51
361,65,21333,21398,493296,493360,B,True,"{""B"": 65}",61
362,65,21398,21463,807915,807979,C,True,"{""C"": 65}",141
363,65,21463,21528,1756689,1756753,A,True,"{""A"": 65}",169
364,65,21528,21593,973227,973291,C,True,"{""C"": 65}",208
365,65,21593,21658,1179177,1179241,C,True,"{""C"": 65}",209
366,65,21658,21723,165555,165619,B,True,"{""B"": 65}",210
367,65,21723,21788,434540,434604,B,True,"{""B"": 65}",72
368,39,21788,21827,1553271,1553309,A,True,"{""A"": 39}",61
369,65,21827,21892,1692554,1692618,A,True,"{""A"": 65}",206
370,65,21892,21957,1751145,1751209,A,True,"{""A"": 65}",211
371,65,21957,22022,836292,836356,C,True,"{""C"": 65}",212
372,65,22022,22087,1040895,1040959,C,True,"{""C"": 65}",208
373,65,22087,22152,976699,976763,C,True,"{""C"": 65}",152
374,47,22152,22199,1753098,1753144,A,True,"{""A"": 47}",169
375,65,22199,22264,167831,167895,B,True,"{""B"": 65}",50
376,65,22264,22329,459946,460010,B,True,"{""B"": 65}",213
377,65,22329,22394,1251810,1251874,A,True,"{""A"": 65}",203
378,65,22394,22459,305093,305157,B,True,"{""B"": 65}",214
379,46,22459,22505,1376269,1376314,A,True,"{""A"": 46}",214
380,65,22505,22570,154676,154740,B,True,"{""B"": 65}",152
381,65,22570,22635,995643,995707,C,True,"{""C"": 65}",215
382,65,22635,22700,222775,222839,B,True,"{""B"": 65}",216
383,65,22700,22765,257222,257286,B,True,"{""B"": 65}",217
384,65,22765,22830,1618066,1618130,A,True,"{""A"": 65}",5
385,65,22830,22895,920366,920430,C,True,"{""C"": 65}",54
386,36,22895,22931,834839,834874,C,True,"{""C"": 36}",193
387,65,22931,22996,266414,266478,B,True,"{""B"": 65}",218
388,65,22996,23061,622880,622944,C,True,"{""C"": 65}",94
389,65,23061,23126,955475,955539,C,True,"{""C"": 65}",219
390,65,23126,23191,274987,275051,B,True,"{""B"": 65}",104
391,65,23191,23256,228191,228255,B,True,"{""B"": 65}",220
392,65,23256,23321,779122,779186,C,True,"{""C"": 65}",221
393,65,23321,23386,480518,480582,B,True,"{""B"": 65}",222
394,65,23386,23451,1643667,1643731,A,True,"{""A"": 65}",223
395,46,23451,23497,470435,470480,B,True,"{""B"": 46}",190
396,65,23497,23562,575038,575102,B,True,"{""B"": 65}",116
397,65,23562,23627,179068,179132,B,True,"{""B"": 65}",101
398,65,23627,23692,486142,486206,B,True,"{""B"": 65}",224
399,38,23692,23730,531152,531189,B,True,"{""B"": 38}",197
400,65,23730,23795,443695,443759,B,True,"{""B"": 65}",225
401,65,23795,23860,265190,265254,B,True,"{""B"": 65}",226
402,65,23860,23925,877445,877509,C,True,"{""C"": 65}",227
403,65,23925,23990,221855,221919,B,True,"{""B"": 65}",48
404,65,23990,24055,1794804,1794868,A,True,"{""A"": 65}",228
405,65,24055,24120,52977,53041,B,True,"{""B"": 65}",229
406,42,24120,24162,1758572,1758613,A,True,"{""A"": 42}",230
407,43,24162,24205,1276668,1276710,A,True,"{""A"": 43}",111
408,65,24205,24270,1545343,1545407,A,True,"{""A"": 65}",114
409,65,24270,24335,43632,43696,B,True,"{""B"": 65}",231
410,41,24335,24376,462649,462689,B,True,"{""B"": 41}",202
411,65,24376,24441,1707599,1707663,A,True,"{""A"": 65}",232
412,65,24441,24506,365829,365893,B,True,"{""B"": 65}",217
413,65,24506,24571,1334664,1334728,A,True,"{""A"": 65}",100
414,65,24571,24636,1741997,1742061,A,True,"{""A"": 65}",230
415,65,24636,24701,1694768,1694832,A,True,"{""A"": 65}",200
416,65,24701,24766,286672,286736,B,True,"{""B"": 65}",233
417,65,24766,24831,278443,278507,B,True,"{""B"": 65}",178
418,65,24831,24896,1746428,1746492,A,True,"{""A"": 65}",234
419,65,24896,24961,1127945,1128009,C,True,"{""C"": 65}",235
420,65,24961,25026,1421576,1421640,A,True,"{""A"": 65}",236
421,65,25026,25091,963370,963434,C,True,"{""C"": 65}",36
422,65,25091,25156,167087,167151,B,True,"{""B"": 65}",237
423,41,25156,25197,1156511,1156551,C,True,"{""C"": 41}",56
424,65,25197,25262,175807,175871,B,True,"{""B"": 65}",238
425,65,25262,25327,233210,233274,B,True,"{""B"": 65}",239
426,65,25327,25392,450251,450315,B,True,"{""B"": 65}",229
427,65,25392,25457,819546,819610,C,True,"{""C"": 65}",223
428,65,25457,25522,1276007,1276071,A,True,"{""A"": 65}",172
429,65,25522,25587,723775,723839,C,True,"{""C"": 65}",240
430,65,25587,25652,1117242,1117306,C,True,"{""C"": 65}",241
431,65,25652,25717,1662115,1662179,A,True,"{""A"": 65}",242
432,65,25717,25782,470907,470971,B,True,"{""B"": 65}",243
433,65,25782,25847,1931,1995,B,True,"{""B"": 65}",98
434,65,25847,25912,1476770,1476834,A,True,"{""A"": 65}",116
435,65,25912,25977,1702676,1702740,A,True,"{""A"": 65}",242
436,65,25977,26042,138413,138477,B,True,"{""B"": 65}",244
437,65,26042,26107,566510,566574,B,True,"{""B"": 65}",199
438,65,26107,26172,727121,727185,C,True,"{""C"": 65}",245
439,65,26172,26237,1006100,1006164,C,True,"{""C"": 65}",84
440,65,26237,26302,1506160,1506224,A,True,"{""A"": 65}",181
441,65,26302,26367,1548146,1548210,A,True,"{""A"": 65}",246
442,65,26367,26432,1033534,1033598,C,True,"{""C"": 65}",247
443,65,26432,26497,913624,913688,C,True,"{""C"": 65}",248
444,65,26497,26562,929753,929817,C,True,"{""C"": 65}",48
445,65,26562,26627,1511918,1511982,A,True,"{""A"": 65}",220
446,65,26627,26692,789791,789855,C,True,"{""C"": 65}",169
447,65,26692,26757,792351,792415,C,True,"{""C"": 65}",249
448,65,26757,26822,1542959,1543023,A,True,"{""A"": 65}",250
449,65,26822,26887,57252,57316,B,True,"{""B"": 65}",163
450,40,26887,26927,1286749,1286788,A,True,"{""A"": 40}",98
451,65,26927,26992,1100373,1100437,C,True,"{""C"": 65}",248
452,65,26992,27057,1712007,1712071,A,True,"{""A"": 65}",211
453,65,27057,27122,323305,323369,B,True,"{""B"": 65}",114
454,46,27122,27168,60640,60685,B,True,"{""B"": 46}",249
455,65,27168,27233,199996,200060,B,True,"{""B"": 65}",251
456,65,27233,27298,200005,200069,B,True,"{""B"": 65}",252
457,65,27298,27363,903829,903893,C,True,"{""C"": 65}",217
458,35,27363,27398,1491823,1491857,A,True,"{""A"": 35}",253
459,65,27398,27463,546460,546524,B,True,"{""B"": 65}",251
460,65,27463,27528,1529316,1529380,A,True,"{""A"": 65}",254
461,65,27528,27593,1777052,1777116,A,True,"{""A"": 65}",76
462,65,27593,27658,1228283,1228347,A,True,"{""A"": 65}",239
463,46,27658,27704,959785,959830,C,True,"{""C"": 46}",218
464,65,27704,27769,1187837,1187901,C,True,"{""C"": 65}",248
465,65,27769,27834,1510712,1510776,A,True,"{""A"": 65}",242
466,65,27834,27899,1571437,1571501,A,True,"{""A"": 65}",255
467,65,27899,27964,315923,315987,B,True,"{""B"": 65}",210
468,65,27964,28029,1348605,1348669,A,True,"{""A"": 65}",81
469,65,28029,28094,164603,164667,B,True,"{""B"": 65}",177
470,65,28094,28159,1498319,1498383,A,True,"{""A"": 65}",256
471,65,28159,28224,998503,998567,C,True,"{""C"": 65}",257
472,65,28224,28289,1286827,1286891,A,True,"{""A"": 65}",111
473,65,28289,28354,1776985,1777049,A,True,"{""A"": 65}",239
474,47,28354,28401,273916,273962,B,True,"{""B"": 47}",258
475,65,28401,28466,1233732,1233796,A,True,"{""A"": 65}",201
476,65,28466,28531,1587631,1587695,A,True,"{""A"": 65}",111
477,38,28531,28569,420587,420624,B,True,"{""B"": 38}",84
478,65,28569,28634,1661122,1661186,A,True,"{""A"": 65}",253
479,65,28634,28699,970601,970665,C,True,"{""C"": 65}",170
480,65,28699,28764,372377,372441,B,True,"{""B"": 65}",150
481,65,28764,28829,652511,652575,C,True,"{""C"": 65}",259
482,65,28829,28894,1209054,1209118,A,True,"{""A"": 65}",260
483,65,28894,28959,1517659,1517723,A,True,"{""A"": 65}",195
484,65,28959,29024,1720692,1720756,A,True,"{""A"": 65}",257
485,41,29024,29065,363249,363289,B,True,"{""B"": 41}",98
486,65,29065,29130,94021,94085,B,True,"{""B"": 65}",261
487,65,29130,29195,564599,564663,B,True,"{""B"": 65}",262
488,65,29195,29260,1358422,1358486,A,True,"{""A"": 65}",263
489,45,29260,29305,372448,372492,B,True,"{""B"": 45}",264
490,65,29305,29370,1006581,1006645,C,True,"{""C"": 65}",82
491,65,29370,29435,543669,543733,B,True,"{""B"": 65}",265
492,65,29435,29500,340130,340194,B,True,"{""B"": 65}",247
493,65,29500,29565,630287,630351,C,True,"{""C"": 65}",266
494,45,29565,29610,1396173,1396217,A,True,"{""A"": 45}",253
495,37,29610,29647,1014475,1014511,C,True,"{""C"": 37}",245
496,43,29647,29690,134660,134702,B,True,"{""B"": 43}",266
497,65,29690,29755,209494,209558,B,True,"{""B"": 65}",24
498,65,29755,29820,1677154,1677218,A,True,"{""A"": 65}",261
499,65,29820,29885,982873,982937,C,True,"{""C"": 65}",266
500,65,29885,29950,1569328,1569392,A,True,"{""A"": 65}",254
501,65,29950,30015,1566210,1566274,A,True,"{""A"": 65}",267
502,65,30015,30080,637837,637901,C,True,"{""C"": 65}",268
503,65,30080,30145,688906,688970,C,True,"{""C"": 65}",252
504,65,30145,30210,1562261,1562325,A,True,"{""A"": 65}",99
505,65,30210,30275,300920,300984,B,True,"{""B"": 65}",245
506,65,30275,30340,504056,504120,B,True,"{""B"": 65}",269
507,65,30340,30405,1442354,1442418,A,True,"{""A"": 65}",270
508,65,30405,30470,1231371,1231435,A,True,"{""A"": 65}",271
509,65,30470,30535,850912,850976,C,True,"{""C"": 65}",272
510,65,30535,30600,1720593,1720657,A,True,"{""A"": 65}",273
511,65,30600,30665,365923,365987,B,True,"{""B"": 65}",245
512,65,30665,30730,437277,437341,B,True,"{""B"": 65}",150
513,65,30730,30795,611233,611297,C,True,"{""C"": 65}",274
514,65,30795,30860,564808,564872,B,True,"{""B"": 65}",71
515,65,30860,30925,1164443,1164507,C,True,"{""C"": 65}",236
516,65,30925,30990,320065,320129,B,True,"{""B"": 65}",275
517,65,30990,31055,44342,44406,B,True,"{""B"": 65}",276
518,65,31055,31120,1484325,1484389,A,True,"{""A"": 65}",263
519,65,31120,31185,794095,794159,C,True,"{""C"": 65}",258
520,65,31185,31250,1341309,1341373,A,True,"{""A"": 65}",263
521,65,31250,31315,1427077,1427141,A,True,"{""A"": 65}",24
522,65,31315,31380,774040,774104,C,True,"{""C"": 65}",258
523,65,31380,31445,1085740,1085804,C,True,"{""C"": 65}",42
524,65,31445,31510,736033,736097,C,True,"{""C"": 65}",277
525,65,31510,31575,137474,137538,B,True,"{""B"": 65}",221
526,65,31575,31640,124869,124933,B,True,"{""B"": 65}",24
527,65,31640,31705,140448,140512,B,True,"{""B"": 65}",2
528,65,31705,31770,1150050,1150114,C,True,"{""C"": 65}",271
529,65,31770,31835,1407938,1408002,A,True,"{""A"": 65}",268
530,44,31835,31879,1421923,1421966,A,True,"{""A"": 44}",278
531,65,31879,31944,1245002,1245066,A,True,"{""A"": 65}",278
532,65,31944,32009,137477,137541,B,True,"{""B"": 65}",263
533,65,32009,32074,302734,302798,B,True,"{""B"": 65}",279
534,65,32074,32139,832920,832984,C,True,"{""C"": 65}",137
535,65,32139,32204,357660,357724,B,True,"{""B"": 65}",74
536,65,32204,32269,953166,953230,C,True,"{""C"": 65}",52
537,38,32269,32307,1483629,1483666,A,True,"{""A"": 38}",280
538,65,32307,32372,140825,140889,B,True,"{""B"": 65}",281
539,65,32372,32437,115589,115653,B,True,"{""B"": 65}",115
540,65,32437,32502,686277,686341,C,True,"{""C"": 65}",282
541,65,32502,32567,342632,342696,B,True,"{""B"": 65}",280
542,36,32567,32603,457266,457301,B,True,"{""B"": 36}",39
543,65,32603,32668,518221,518285,B,True,"{""B"": 65}",17
544,65,32668,32733,740393,740457,C,True,"{""C"": 65}",83
545,65,32733,32798,1371852,1371916,A,True,"{""A"": 65}",283
546,65,32798,32863,312822,312886,B,True,"{""B"": 65}",142
547,65,32863,32928,473196,473260,B,True,"{""B"": 65}",195
548,65,32928,32993,433030,433094,B,True,"{""B"": 65}",284
549,65,32993,33058,1484874,1484938,A,True,"{""A"": 65}",22
550,65,33058,33123,1085238,1085302,C,True,"{""C"": 65}",235
551,65,33123,33188,231356,231420,B,True,"{""B"": 65}",285
552,65,33188,33253,183325,183389,B,True,"{""B"": 65}",248
553,65,33253,33318,72125,72189,B,True,"{""B"": 65}",108
554,65,33318,33383,629361,629425,C,True,"{""C"": 65}",164
555,65,33383,33448,1754598,1754662,A,True,"{""A"": 65}",286
556,65,33448,33513,1686679,1686743,A,True,"{""A"": 65}",285
557,65,33513,33578,693781,693845,C,True,"{""C"": 65}",10
558,65,33578,33643,1726931,1726995,A,True,"{""A"": 65}",287
559,43,33643,33686,1778927,1778969,A,True,"{""A"": 43}",288
560,65,33686,33751,691288,691352,C,True,"{""C"": 65}",119
561,65,33751,33816,1545346,1545410,A,True,"{""A"": 65}",289
562,65,33816,33881,980405,980469,C,True,"{""C"": 65}",69
563,65,33881,33946,715485,715549,C,True,"{""C"": 65}",125
564,65,33946,34011,1075367,1075431,C,True,"{""C"": 65}",103
565,35,34011,34046,1760273,1760307,A,True,"{""A"": 35}",166
566,65,34046,34111,1293966,1294030,A,True,"{""A"": 65}",277
567,65,34111,34176,397481,397545,B,True,"{""B"": 65}",290
568,35,34176,34211,1513351,1513385,A,True,"{""A"": 35}",291
569,48,34211,34259,1647605,1647652,A,True,"{""A"": 48}",292
570,65,34259,34324,865275,865339,C,True,"{""C"": 65}",70
571,65,34324,34389,1014305,1014369,C,True,"{""C"": 65}",29
572,41,34389,34430,779477,779517,C,True,"{""C"": 41}",293
573,65,34430,34495,792403,792467,C,True,"{""C"": 65}",73
574,65,34495,34560,129874,129938,B,True,"{""B"": 65}",166
575,65,34560,34625,1408898,1408962,A,True,"{""A"": 65}",149
576,65,34625,34690,1510711,1510775,A,True,"{""A"": 65}",99
577,65,34690,34755,32496,32560,B,True,"{""B"": 65}",164
578,65,34755,34820,1720487,1720551,A,True,"{""A"": 65}",97
579,65,34820,34885,329530,329594,B,True,"{""B"": 65}",93
580,65,34885,34950,534244,534308,B,True,"{""B"": 65}",97
581,65,34950,35015,153568,153632,B,True,"{""B"": 65}",26
582,65,35015,35080,1559443,1559507,A,True,"{""A"": 65}",79
583,40,35080,35120,1624291,1624330,A,True,"{""A"": 40}",173
584,65,35120,35185,394465,394529,B,True,"{""B"": 65}",294
585,43,35185,35228,1475708,1475750,A,True,"{""A"": 43}",295
586,65,35228,35293,700260,700324,C,True,"{""C"": 65}",209
587,65,35293,35358,163655,163719,B,True,"{""B"": 65}",157
588,65,35358,35423,1037728,1037792,C,True,"{""C"": 65}",92
589,65,35423,35488,697875,697939,C,True,"{""C"": 65}",131
590,65,35488,35553,1031864,1031928,C,True,"{""C"": 65}",296
591,65,35553,35618,440513,440577,B,True,"{""B"": 65}",17
592,65,35618,35683,1077909,1077973,C,True,"{""C"": 65}",60
593,42,35683,35725,287449,287490,B,True,"{""B"": 42}",45
594,65,35725,35790,1026838,1026902,C,True,"{""C"": 65}",297
595,65,35790,35855,1400361,1400425,A,True,"{""A"": 65}",298
596,40,35855,35895,851596,851635,C,True,"{""C"": 40}",90
597,46,35895,35941,305638,305683,B,True,"{""B"": 46}",299
598,49,35941,35990,1133311,1133359,C,True,"{""C"": 49}",300
599,65,35990,36055,881661,881725,C,True,"{""C"": 65}",160
600,65,36055,36120,1601618,1601682,A,True,"{""A"": 65}",55
601,36,36120,36156,645768,645803,C,True,"{""C"": 36}",301
602,49,36156,36205,175140,175188,B,True,"{""B"": 49}",8
603,65,36205,36270,741324,741388,C,True,"{""C"": 65}",10
604,65,36270,36335,793905,793969,C,True,"{""C"": 65}",122
605,47,36335,36382,825729,825775,C,True,"{""C"": 47}",237
606,65,36382,36447,1528796,1528860,A,True,"{""A"": 65}",55
607,65,36447,36512,1735095,1735159,A,True,"{""A"": 65}",297
608,65,36512,36577,718549,718613,C,True,"{""C"": 65}",302
609,65,36577,36642,1171042,1171106,C,True,"{""C"": 65}",297
610,65,36642,36707,1502426,1502490,A,True,"{""A"": 65}",46
611,65,36707,36772,1441397,1441461,A,True,"{""A"": 65}",303
612,65,36772,36837,1311369,1311433,A,True,"{""A"": 65}",144
613,44,36837,36881,1182634,1182677,C,True,"{""C"": 44}",25
614,65,36881,36946,1275904,1275968,A,True,"{""A"": 65}",57
615,43,36946,36989,1719627,1719669,A,True,"{""A"": 43}",91
616,40,36989,37029,917952,917991,C,True,"{""C"": 40}",32
617,45,37029,37074,300807,300851,B,True,"{""B"": 45}",285
618,65,37074,37139,1766448,1766512,A,True,"{""A"": 65}",257
619,45,37139,37184,1033728,1033772,C,True,"{""C"": 45}",173
620,65,37184,37249,1776564,1776628,A,True,"{""A"": 65}",261
621,65,37249,37314,1537816,1537880,A,True,"{""A"": 65}",304
622,65,37314,37379,847109,847173,C,True,"{""C"": 65}",96
623,65,37379,37444,1343386,1343450,A,True,"{""A"": 65}",243
624,65,37444,37509,132540,132604,B,True,"{""B"": 65}",11
625,34,37509,37543,1038763,1038796,C,True,"{""C"": 34}",290
626,65,37543,37608,1437194,1437258,A,True,"{""A"": 65}",290
627,65,37608,37673,1473045,1473109,A,True,"{""A"": 65}",30
628,65,37673,37738,101375,101439,B,True,"{""B"": 65}",126
629,49,37738,37787,1124943,1124991,C,True,"{""C"": 49}",305
630,65,37787,37852,1012396,1012460,C,True,"{""C"": 65}",208
631,39,37852,37891,698055,698093,C,True,"{""C"": 39}",306
632,65,37891,37956,998121,998185,C,True,"{""C"": 65}",133
633,65,37956,38021,1616112,1616176,A,True,"{""A"": 65}",83
634,65,38021,38086,1220830,1220894,A,True,"{""A"": 65}",34
635,38,38086,38124,502752,502789,B,True,"{""B"": 38}",306
636,65,38124,38189,1014197,1014261,C,True,"{""C"": 65}",21
637,65,38189,38254,1766057,1766121,A,True,"{""A"": 65}",109
638,65,38254,38319,775257,775321,C,True,"{""C"": 65}",88
639,65,38319,38384,416444,416508,B,True,"{""B"": 65}",235
640,38,38384,38422,626389,626426,C,True,"{""C"": 38}",305
641,65,38422,38487,752012,752076,C,True,"{""C"": 65}",307
642,65,38487,38552,1189543,1189607,C,True,"{""C"": 65}",127
643,35,38552,38587,1675114,1675148,A,True,"{""A"": 35}",65
644,65,38587,38652,289452,289516,B,True,"{""B"": 65}",308
645,41,38652,38693,462538,462578,B,True,"{""B"": 41}",155
646,65,38693,38758,1657108,1657172,A,True,"{""A"": 65}",152
647,46,38758,38804,819417,819462,C,True,"{""C"": 46}",179
648,42,38804,38846,408335,408376,B,True,"{""B"": 42}",308
649,65,38846,38911,206038,206102,B,True,"{""B"": 65}",156
650,35,38911,38946,1156470,1156504,C,True,"{""C"": 35}",65
651,45,38946,38991,1467339,1467383,A,True,"{""A"": 45}",69
652,46,38991,39037,1213263,1213308,A,True,"{""A"": 46}",78
653,65,39037,39102,1072502,1072566,C,True,"{""C"": 65}",124
654,65,39102,39167,918024,918088,C,True,"{""C"": 65}",30
655,46,39167,39213,1619890,1619935,A,True,"{""A"": 46}",14
656,65,39213,39278,10514,10578,B,True,"{""B"": 65}",309
657,65,39278,39343,154661,154725,B,True,"{""B"": 65}",310
658,65,39343,39408,519817,519881,B,True,"{""B"": 65}",53
659,65,39408,39473,456039,456103,B,True,"{""B"": 65}",287
660,65,39473,39538,292406,292470,B,True,"{""B"": 65}",311
661,65,39538,39603,1628107,1628171,A,True,"{""A"": 65}",141
662,48,39603,39651,611541,611588,C,True,"{""C"": 48}",46
663,65,39651,39716,782821,782885,C,True,"{""C"": 65}",203
664,65,39716,39781,315036,315100,B,True,"{""B"": 65}",86
665,65,39781,39846,1461297,1461361,A,True,"{""A"": 65}",122
666,46,39846,39892,511854,511899,B,True,"{""B"": 46}",20
667,65,39892,39957,982054,982118,C,True,"{""C"": 65}",237
668,65,39957,40022,992634,992698,C,True,"{""C"": 65}",51
669,65,40022,40087,69096,69160,B,True,"{""B"": 65}",29
670,37,40087,40124,349643,349679,B,True,"{""B"": 37}",288
671,65,40124,40189,62276,62340,B,True,"{""B"": 65}",297
672,65,40189,40254,71577,71641,B,True,"{""B"": 65}",312
673,65,40254,40319,17499,17563,B,True,"{""B"": 65}",272
674,65,40319,40384,1055102,1055166,C,True,"{""C"": 65}",30
675,65,40384,40449,810668,810732,C,True,"{""C"": 65}",83
676,43,40449,40492,1035780,1035822,C,True,"{""C"": 43}",266
677,42,40492,40534,1036704,1036745,C,True,"{""C"": 42}",16
678,65,40534,40599,1057314,1057378,C,True,"{""C"": 65}",313
679,65,40599,40664,958126,958190,C,True,"{""C"": 65}",117
680,39,40664,40703,1040342,1040380,C,True,"{""C"": 39}",128
681,65,40703,40768,1024866,1024930,C,True,"{""C"": 65}",45
682,65,40768,40833,734273,734337,C,True,"{""C"": 65}",144
683,39,40833,40872,461289,461327,B,True,"{""B"": 39}",185
684,46,40872,40918,1098866,1098911,C,True,"{""C"": 46}",16
685,43,40918,40961,421999,422041,B,True,"{""B"": 43}",65
686,65,40961,41026,695095,695159,C,True,"{""C"": 65}",18
687,65,41026,41091,1110572,1110636,C,True,"{""C"": 65}",51
688,65,41091,41156,1731110,1731174,A,True,"{""A"": 65}",52
689,65,41156,41221,1786254,1786318,A,True,"{""A"": 65}",109
690,47,41221,41268,668560,668606,C,True,"{""C"": 47}",3
691,65,41268,41333,18090,18154,B,True,"{""B"": 65}",21
692,36,41333,41369,1758100,1758135,A,True,"{""A"": 36}",145
693,65,41369,41434,282168,282232,B,True,"{""B"": 65}",111
694,65,41434,41499,16569,16633,B,True,"{""B"": 65}",109
695,42,41499,41541,1101424,1101465,C,True,"{""C"": 42}",123
696,48,41541,41589,810921,810968,C,True,"{""C"": 48}",314
697,65,41589,41654,1549107,1549171,A,True,"{""A"": 65}",113
698,65,41654,41719,347583,347647,B,True,"{""B"": 65}",11
699,42,41719,41761,1190983,1191024,C,True,"{""C"": 42}",182
700,65,41761,41826,689474,689538,C,True,"{""C"": 65}",67
701,65,41826,41891,741062,741126,C,True,"{""C"": 65}",315
702,36,41891,41927,696594,696629,C,True,"{""C"": 36}",316
703,44,41927,41971,918516,918559,C,True,"{""C"": 44}",203
704,38,41971,42009,1510460,1510497,A,True,"{""A"": 38}",65
705,45,42009,42054,1520967,1521011,A,True,"{""A"": 45}",173
706,65,42054,42119,1248796,1248860,A,True,"{""A"": 65}",93
707,65,42119,42184,763050,763114,C,True,"{""C"": 65}",121
708,65,42184,42249,542999,543063,B,True,"{""B"": 65}",209
709,65,42249,42314,1313685,1313749,A,True,"{""A"": 65}",130
710,65,42314,42379,476999,477063,B,True,"{""B"": 65}",317
711,65,42379,42444,1104109,1104173,C,True,"{""C"": 65}",132
712,65,42444,42509,1498415,1498479,A,True,"{""A"": 65}",217
713,65,42509,42574,1432349,1432413,A,True,"{""A"": 65}",67
714,65,42574,42639,822979,823043,C,True,"{""C"": 65}",318
715,65,42639,42704,983716,983780,C,True,"{""C"": 65}",64
716,45,42704,42749,212727,212771,B,True,"{""B"": 45}",319
717,65,42749,42814,59624,59688,B,True,"{""B"": 65}",29
718,65,42814,42879,1044352,1044416,C,True,"{""C"": 65}",130
719,65,42879,42944,386183,386247,B,True,"{""B"": 65}",43
720,65,42944,43009,1421370,1421434,A,True,"{""A"": 65}",14
721,65,43009,43074,893131,893195,C,True,"{""C"": 65}",264
722,39,43074,43113,1164382,1164420,C,True,"{""C"": 39}",143
723,34,43113,43147,1135636,1135669,C,True,"{""C"": 34}",148
724,65,43147,43212,1372596,1372660,A,True,"{""A"": 65}",45
725,48,43212,43260,961802,961849,C,True,"{""C"": 48}",186
726,65,43260,43325,820677,820741,C,True,"{""C"": 65}",320
727,65,43325,43390,969245,969309,C,True,"{""C"": 65}",273
728,65,43390,43455,1093539,1093603,C,True,"{""C"": 65}",51
729,65,43455,43520,1748056,1748120,A,True,"{""A"": 65}",185
730,65,43520,43585,1579070,1579134,A,True,"{""A"": 65}",321
731,65,43585,43650,755806,755870,C,True,"{""C"": 65}",12
732,65,43650,43715,372872,372936,B,True,"{""B"": 65}",31
733,65,43715,43780,788956,789020,C,True,"{""C"": 65}",212
734,65,43780,43845,1310688,1310752,A,True,"{""A"": 65}",226
735,65,43845,43910,350332,350396,B,True,"{""B"": 65}",322
736,65,43910,43975,509304,509368,B,True,"{""B"": 65}",118
737,65,43975,44040,335518,335582,B,True,"{""B"": 65}",155
738,65,44040,44105,883945,884009,C,True,"{""C"": 65}",214
739,65,44105,44170,1352583,1352647,A,True,"{""A"": 65}",252
740,65,44170,44235,247795,247859,B,True,"{""B"": 65}",323
741,47,44235,44282,497351,497397,B,True,"{""B"": 47}",285
742,65,44282,44347,1136616,1136680,C,True,"{""C"": 65}",190
743,65,44347,44412,1257688,1257752,A,True,"{""A"": 65}",256
744,45,44412,44457,878462,878506,C,True,"{""C"": 45}",324
745,65,44457,44522,1525076,1525140,A,True,"{""A"": 65}",208
746,65,44522,44587,1178672,1178736,C,True,"{""C"": 65}",113
747,65,44587,44652,1410955,1411019,A,True,"{""A"": 65}",47
748,48,44652,44700,482816,482863,B,True,"{""B"": 48}",323
749,65,44700,44765,662859,662923,C,True,"{""C"": 65}",144
750,35,44765,44800,1394199,1394233,A,True,"{""A"": 35}",192
751,65,44800,44865,1717910,1717974,A,True,"{""A"": 65}",75
752,65,44865,44930,1691400,1691464,A,True,"{""A"": 65}",33
753,65,44930,44995,652310,652374,C,True,"{""C"": 65}",47
754,65,44995,45060,959770,959834,C,True,"{""C"": 65}",267
755,65,45060,45125,1319820,1319884,A,True,"{""A"": 65}",67
756,65,45125,45190,1392064,1392128,A,True,"{""A"": 65}",63
757,65,45190,45255,1459366,1459430,A,True,"{""A"": 65}",319
758,65,45255,45320,720869,720933,C,True,"{""C"": 65}",325
759,41,45320,45361,652876,652916,C,True,"{""C"": 41}",326
760,65,45361,45426,1351372,1351436,A,True,"{""A"": 65}",108
761,44,45426,45470,98568,98611,B,True,"{""B"": 44}",41
762,46,45470,45516,482822,482867,B,True,"{""B"": 46}",123
763,65,45516,45581,295368,295432,B,True,"{""B"": 65}",171
764,65,45581,45646,1542296,1542360,A,True,"{""A"": 65}",327
765,44,45646,45690,1420016,1420059,A,True,"{""A"": 44}",317
766,65,45690,45755,1242484,1242548,A,True,"{""A"": 65}",69
767,38,45755,45793,1691775,1691812,A,True,"{""A"": 38}",314
768,65,45793,45858,1702966,1703030,A,True,"{""A"": 65}",328
769,65,45858,45923,1369085,1369149,A,True,"{""A"": 65}",321
770,65,45923,45988,517612,517676,B,True,"{""B"": 65}",144
771,65,45988,46053,699749,699813,C,True,"{""C"": 65}",329
772,39,46053,46092,910420,910458,C,True,"{""C"": 39}",330
773,65,46092,46157,373411,373475,B,True,"{""B"": 65}",317
774,65,46157,46222,759281,759345,C,True,"{""C"": 65}",194
775,65,46222,46287,847120,847184,C,True,"{""C"": 65}",209
776,65,46287,46352,1520854,1520918,A,True,"{""A"": 65}",220
777,35,46352,46387,1777616,1777650,A,True,"{""A"": 35}",27
778,65,46387,46452,78650,78714,B,True,"{""B"": 65}",331
779,37,46452,46489,370239,370275,B,True,"{""B"": 37}",49
780,37,46489,46526,676113,676149,C,True,"{""C"": 37}",130
781,65,46526,46591,753823,753887,C,True,"{""C"": 65}",328
782,65,46591,46656,855709,855773,C,True,"{""C"": 65}",97
783,65,46656,46721,844121,844185,C,True,"{""C"": 65}",224
784,65,46721,46786,1237997,1238061,A,True,"{""A"": 65}",332
785,37,46786,46823,1317544,1317580,A,True,"{""A"": 37}",301
786,42,46823,46865,1486324,1486365,A,True,"{""A"": 42}",213
787,65,46865,46930,255550,255614,B,True,"{""B"": 65}",333
788,65,46930,46995,1687782,1687846,A,True,"{""A"": 65}",80
789,65,46995,47060,1170798,1170862,C,True,"{""C"": 65}",182
790,65,47060,47125,799988,800052,C,True,"{""C"": 65}",175
791,42,47125,47167,282862,282903,B,True,"{""B"": 42}",305
792,65,47167,47232,43078,43142,B,True,"{""B"": 65}",279
793,65,47232,47297,219870,219934,B,True,"{""B"": 65}",297
794,65,47297,47362,1287502,1287566,A,True,"{""A"": 65}",287
795,65,47362,47427,890226,890290,C,True,"{""C"": 65}",96
796,65,47427,47492,1346524,1346588,A,True,"{""A"": 65}",37
797,65,47492,47557,182723,182787,B,True,"{""B"": 65}",325
798,65,47557,47622,649742,649806,C,True,"{""C"": 65}",136
799,65,47622,47687,481421,481485,B,True,"{""B"": 65}",334
800,35,47687,47722,1116958,1116992,C,True,"{""C"": 35}",153
801,65,47722,47787,152514,152578,B,True,"{""B"": 65}",164
802,43,47787,47830,1536531,1536573,A,True,"{""A"": 43}",291
803,65,47830,47895,5744,5808,B,True,"{""B"": 65}",156
804,65,47895,47960,1439980,1440044,A,True,"{""A"": 65}",79
805,44,47960,48004,296527,296570,B,True,"{""B"": 44}",81
806,38,48004,48042,1764798,1764835,A,True,"{""A"": 38}",41
807,65,48042,48107,1788168,1788232,A,True,"{""A"": 65}",60
808,65,48107,48172,995377,995441,C,True,"{""C"": 65}",280
809,65,48172,48237,223269,223333,B,True,"{""B"": 65}",32
810,65,48237,48302,453287,453351,B,True,"{""B"": 65}",335
811,65,48302,48367,299241,299305,B,True,"{""B"": 65}",149
812,65,48367,48432,255530,255594,B,True,"{""B"": 65}",336
813,65,48432,48497,1058490,1058554,C,True,"{""C"": 65}",237
814,35,48497,48532,1133321,1133355,C,True,"{""C"": 35}",23
815,65,48532,48597,467051,467115,B,True,"{""B"": 65}",181
816,65,48597,48662,703943,704007,C,True,"{""C"": 65}",337
817,38,48662,48700,140172,140209,B,True,"{""B"": 38}",262
818,65,48700,48765,303618,303682,B,True,"{""B"": 65}",338
819,65,48765,48830,914878,914942,C,True,"{""C"": 65}",339
820,65,48830,48895,1115398,1115462,C,True,"{""C"": 65}",23
821,45,48895,48940,948342,948386,C,True,"{""C"": 45}",330
822,65,48940,49005,1192251,1192315,A,True,"{""A"": 65}",211
823,65,49005,49070,1491065,1491129,A,True,"{""A"": 65}",340
824,40,49070,49110,486376,486415,B,True,"{""B"": 40}",35
825,65,49110,49175,595820,595884,B,True,"{""B"": 65}",176
826,65,49175,49240,1697128,1697192,A,True,"{""A"": 65}",328
827,65,49240,49305,1751257,1751321,A,True,"{""A"": 65}",242
828,65,49305,49370,318171,318235,B,True,"{""B"": 65}",101
829,65,49370,49435,1530302,1530366,A,True,"{""A"": 65}",341
830,44,49435,49479,1015013,1015056,C,True,"{""C"": 44}",207
831,44,49479,49523,875112,875155,C,True,"{""C"": 44}",171
832,47,49523,49570,1352392,1352438,A,True,"{""A"": 47}",138
833,65,49570,49635,1766692,1766756,A,True,"{""A"": 65}",146
834,65,49635,49700,1443610,1443674,A,True,"{""A"": 65}",6
835,41,49700,49741,1320776,1320816,A,True,"{""A"": 41}",184
836,65,49741,49806,1381496,1381560,A,True,"{""A"": 65}",135
837,42,49806,49848,608843,608884,C,True,"{""C"": 42}",262
838,47,49848,49895,447221,447267,B,True,"{""B"": 47}",129
839,65,49895,49960,702578,702642,C,True,"{""C"": 65}",342
840,65,49960,50025,1025665,1025729,C,True,"{""C"": 65}",136
841,65,50025,50090,452820,452884,B,True,"{""B"": 65}",242
842,65,50090,50155,537097,537161,B,True,"{""B"": 65}",138
843,65,50155,50220,185648,185712,B,True,"{""B"": 65}",156
844,65,50220,50285,1510931,1510995,A,True,"{""A"": 65}",343
845,65,50285,50350,1441075,1441139,A,True,"{""A"": 65}",248
846,65,50350,50415,786840,786904,C,True,"{""C"": 65}",344
847,44,50415,50459,683463,683506,C,True,"{""C"": 44}",335
848,37,50459,50496,1035776,1035812,C,True,"{""C"": 37}",197
849,65,50496,50561,1184653,1184717,C,True,"{""C"": 65}",158
850,45,50561,50606,907546,907590,C,True,"{""C"": 45}",336
851,65,50606,50671,125232,125296,B,True,"{""B"": 65}",82
852,65,50671,50736,325407,325471,B,True,"{""B"": 65}",336
853,65,50736,50801,859601,859665,C,True,"{""C"": 65}",246
854,47,50801,50848,1101792,1101838,C,True,"{""C"": 47}",323
855,65,50848,50913,1279690,1279754,A,True,"{""A"": 65}",101
856,34,50913,50947,504229,504262,B,True,"{""B"": 34}",161
857,45,50947,50992,1534018,1534062,A,True,"{""A"": 45}",159
858,65,50992,51057,1574093,1574157,A,True,"{""A"": 65}",159
859,44,51057,51101,1579020,1579063,A,True,"{""A"": 44}",207
860,44,51101,51145,300184,300227,B,True,"{""B"": 44}",167
861,65,51145,51210,1047736,1047800,C,True,"{""C"": 65}",235
862,47,51210,51257,1474493,1474539,A,True,"{""A"": 47}",135
863,38,51257,51295,1619902,1619939,A,True,"{""A"": 38}",186
864,65,51295,51360,1271847,1271911,A,True,"{""A"": 65}",166
865,65,51360,51425,46463,46527,B,True,"{""B"": 65}",138
866,65,51425,51490,266974,267038,B,True,"{""B"": 65}",190
867,65,51490,51555,1183481,1183545,C,True,"{""C"": 65}",62
868,65,51555,51620,355154,355218,B,True,"{""B"": 65}",269
869,65,51620,51685,831156,831220,C,True,"{""C"": 65}",104
870,49,51685,51734,72399,72447,B,True,"{""B"": 49}",254
871,65,51734,51799,784800,784864,C,True,"{""C"": 65}",6
872,65,51799,51864,929260,929324,C,True,"{""C"": 65}",248
873,65,51864,51929,139336,139400,B,True,"{""B"": 65}",345
874,38,51929,51967,644709,644746,C,True,"{""C"": 38}",346
875,38,51967,52005,1394245,1394282,A,True,"{""A"": 38}",153
876,65,52005,52070,1195292,1195356,A,True,"{""A"": 65}",12
877,65,52070,52135,1410838,1410902,A,True,"{""A"": 65}",12
878,65,52135,52200,1412755,1412819,A,True,"{""A"": 65}",226
879,65,52200,52265,1265380,1265444,A,True,"{""A"": 65}",322
880,38,52265,52303,1773133,1773170,A,True,"{""A"": 38}",14
881,65,52303,52368,396508,396572,B,True,"{""B"": 65}",228
882,65,52368,52433,154420,154484,B,True,"{""B"": 65}",137
883,65,52433,52498,1601730,1601794,A,True,"{""A"": 65}",119
884,65,52498,52563,1777097,1777161,A,True,"{""A"": 65}",326
885,65,52563,52628,1764873,1764937,A,True,"{""A"": 65}",46
886,65,52628,52693,1060746,1060810,C,True,"{""C"": 65}",347
887,65,52693,52758,1473822,1473886,A,True,"{""A"": 65}",62
888,65,52758,52823,469890,469954,B,True,"{""B"": 65}",293
889,65,52823,52888,173037,173101,B,True,"{""B"": 65}",237
890,65,52888,52953,932845,932909,C,True,"{""C"": 65}",89
891,65,52953,53018,253633,253697,B,True,"{""B"": 65}",96
892,37,53018,53055,1179299,1179335,C,True,"{""C"": 37}",245
893,65,53055,53120,895263,895327,C,True,"{""C"": 65}",234
894,65,53120,53185,1616690,1616754,A,True,"{""A"": 65}",243
895,65,53185,53250,1297429,1297493,A,True,"{""A"": 65}",61
896,65,53250,53315,994760,994824,C,True,"{""C"": 65}",348
897,65,53315,53380,387792,387856,B,True,"{""B"": 65}",159
898,65,53380,53445,1769265,1769329,A,True,"{""A"": 65}",143
899,65,53445,53510,1008973,1009037,C,True,"{""C"": 65}",204
900,65,53510,53575,1290213,1290277,A,True,"{""A"": 65}",61
901,65,53575,53640,1495901,1495965,A,True,"{""A"": 65}",207
902,65,53640,53705,418786,418850,B,True,"{""B"": 65}",203
903,65,53705,53770,861636,861700,C,True,"{""C"": 65}",54
904,65,53770,53835,406606,406670,B,True,"{""B"": 65}",33
905,65,53835,53900,1453212,1453276,A,True,"{""A"": 65}",31
906,36,53900,53936,862471,862506,C,True,"{""C"": 36}",258
907,65,53936,54001,1075126,1075190,C,True,"{""C"": 65}",185
908,65,54001,54066,1254517,1254581,A,True,"{""A"": 65}",109
909,65,54066,54131,1211325,1211389,A,True,"{""A"": 65}",76
910,65,54131,54196,1682160,1682224,A,True,"{""A"": 65}",31
911,65,54196,54261,1675959,1676023,A,True,"{""A"": 65}",254
912,36,54261,54297,1010823,1010858,C,True,"{""C"": 36}",261
913,65,54297,54362,249064,249128,B,True,"{""B"": 65}",190
914,65,54362,54427,484793,484857,B,True,"{""B"": 65}",207
915,65,54427,54492,34474,34538,B,True,"{""B"": 65}",336
916,65,54492,54557,1443149,1443213,A,True,"{""A"": 65}",151
917,65,54557,54622,597017,597081,B,True,"{""B"": 65}",261
918,65,54622,54687,1676045,1676109,A,True,"{""A"": 65}",262
919,65,54687,54752,425140,425204,B,True,"{""B"": 65}",102
920,38,54752,54790,183769,183806,B,True,"{""B"": 38}",41
921,65,54790,54855,753429,753493,C,True,"{""C"": 65}",33
922,65,54855,54920,1258804,1258868,A,True,"{""A"": 65}",109
923,44,54920,54964,1385607,1385650,A,True,"{""A"": 44}",16
924,65,54964,55029,1608086,1608150,A,True,"{""A"": 65}",172
925,65,55029,55094,1744921,1744985,A,True,"{""A"": 65}",162
926,65,55094,55159,264733,264797,B,True,"{""B"": 65}",37
927,65,55159,55224,642339,642403,C,True,"{""C"": 65}",192
928,65,55224,55289,717392,717456,C,True,"{""C"": 65}",5
929,65,55289,55354,537015,537079,B,True,"{""B"": 65}",336
930,65,55354,55419,551482,551546,B,True,"{""B"": 65}",85
931,65,55419,55484,1056553,1056617,C,True,"{""C"": 65}",16
932,65,55484,55549,1737367,1737431,A,True,"{""A"": 65}",31
933,65,55549,55614,354880,354944,B,True,"{""B"": 65}",109
934,34,55614,55648,1210012,1210045,A,True,"{""A"": 34}",62
935,65,55648,55713,990021,990085,C,True,"{""C"": 65}",328
936,65,55713,55778,1660214,1660278,A,True,"{""A"": 65}",232
937,65,55778,55843,1509924,1509988,A,True,"{""A"": 65}",61
938,65,55843,55908,1207487,1207551,A,True,"{""A"": 65}",166
939,65,55908,55973,310140,310204,B,True,"{""B"": 65}",349
940,65,55973,56038,1776635,1776699,A,True,"{""A"": 65}",235
941,34,56038,56072,130433,130466,B,True,"{""B"": 34}",166
942,65,56072,56137,1739355,1739419,A,True,"{""A"": 65}",84
943,65,56137,56202,949175,949239,C,True,"{""C"": 65}",61
944,65,56202,56267,1508569,1508633,A,True,"{""A"": 65}",119
945,65,56267,56332,55761,55825,B,True,"{""B"": 65}",98
946,65,56332,56397,1756681,1756745,A,True,"{""A"": 65}",262
947,65,56397,56462,1179877,1179941,C,True,"{""C"": 65}",321
948,47,56462,56509,523360,523406,B,True,"{""B"": 47}",51
949,36,56509,56545,62589,62624,B,True,"{""B"": 36}",51
950,65,56545,56610,1197736,1197800,A,True,"{""A"": 65}",80
951,38,56610,56648,448754,448791,B,True,"{""B"": 38}",188
952,65,56648,56713,958120,958184,C,True,"{""C"": 65}",307
953,65,56713,56778,523677,523741,B,True,"{""B"": 65}",215
954,65,56778,56843,655769,655833,C,True,"{""C"": 65}",60
955,65,56843,56908,1346092,1346156,A,True,"{""A"": 65}",224
956,65,56908,56973,1234186,1234250,A,True,"{""A"": 65}",172
957,65,56973,57038,1287877,1287941,A,True,"{""A"": 65}",76
958,65,57038,57103,1449,1513,B,True,"{""B"": 65}",216
959,45,57103,57148,395511,395555,B,True,"{""B"": 45}",344
960,65,57148,57213,661344,661408,C,True,"{""C"": 65}",327
961,65,57213,57278,110529,110593,B,True,"{""B"": 65}",176
962,65,57278,57343,1383985,1384049,A,True,"{""A"": 65}",111
963,65,57343,57408,1688671,1688735,A,True,"{""A"": 65}",257
964,65,57408,57473,1547143,1547207,A,True,"{""A"": 65}",117
965,45,57473,57518,80570,80614,B,True,"{""B"": 45}",216
966,65,57518,57583,1266210,1266274,A,True,"{""A"": 65}",109
967,65,57583,57648,274597,274661,B,True,"{""B"": 65}",327
968,65,57648,57713,1004679,1004743,C,True,"{""C"": 65}",159
969,65,57713,57778,1660217,1660281,A,True,"{""A"": 65}",260
970,65,57778,57843,1038838,1038902,C,True,"{""C"": 65}",350
971,65,57843,57908,618621,618685,C,True,"{""C"": 65}",127
972,65,57908,57973,75634,75698,B,True,"{""B"": 65}",224
973,48,57973,58021,471330,471377,B,True,"{""B"": 48}",351
974,41,58021,58062,517280,517320,B,True,"{""B"": 41}",232
975,65,58062,58127,1334883,1334947,A,True,"{""A"": 65}",127
976,65,58127,58192,1167051,1167115,C,True,"{""C"": 65}",194
977,65,58192,58257,309258,309322,B,True,"{""B"": 65}",19
978,65,58257,58322,611479,611543,C,True,"{""C"": 65}",56
979,65,58322,58387,88992,89056,B,True,"{""B"": 65}",352
980,65,58387,58452,561131,561195,B,True,"{""B"": 65}",168
981,65,58452,58517,1079916,1079980,C,True,"{""C"": 65}",180
982,65,58517,58582,705531,705595,C,True,"{""C"": 65}",266
983,65,58582,58647,734921,734985,C,True,"{""C"": 65}",353
984,65,58647,58712,1283264,1283328,A,True,"{""A"": 65}",225
985,65,58712,58777,498647,498711,B,True,"{""B"": 65}",201
986,38,58777,58815,1778758,1778795,A,True,"{""A"": 38}",241
987,65,58815,58880,400531,400595,B,True,"{""B"": 65}",81
988,65,58880,58945,1545898,1545962,A,True,"{""A"": 65}",222
989,65,58945,59010,179171,179235,B,True,"{""B"": 65}",354
990,65,59010,59075,1072416,1072480,C,True,"{""C"": 65}",235
991,65,59075,59140,1411423,1411487,A,True,"{""A"": 65}",244
992,65,59140,59205,154416,154480,B,True,"{""B"": 65}",337
993,65,59205,59270,188582,188646,B,True,"{""B"": 65}",353
994,65,59270,59335,50657,50721,B,True,"{""B"": 65}",253
995,65,59335,59400,1079593,1079657,C,True,"{""C"": 65}",355
996,65,59400,59465,396349,396413,B,True,"{""B"": 65}",54
997,65,59465,59530,550608,550672,B,True,"{""B"": 65}",279
998,65,59530,59595,94379,94443,B,True,"{""B"": 65}",271
999,65,59595,59660,1091794,1091858,C,True,"{""C"": 65}",256
1000,65,59660,59725,62037,62101,B,True,"{""B"": 65}",275
1001,65,59725,59790,1738621,1738685,A,True,"{""A"": 65}",356
1002,36,59790,59826,502330,502365,B,True,"{""B"": 36}",253
1003,65,59826,59891,157689,157753,B,True,"{""B"": 65}",238
1004,65,59891,59956,1762037,1762101,A,True,"{""A"": 65}",247
1005,65,59956,60021,364281,364345,B,True,"{""B"": 65}",73
1006,49,60021,60070,653299,653347,C,True,"{""C"": 49}",357
1007,65,60070,60135,485143,485207,B,True,"{""B"": 65}",210
1008,65,60135,60200,959709,959773,C,True,"{""C"": 65}",240
1009,65,60200,60265,1209760,1209824,A,True,"{""A"": 65}",270
1010,65,60265,60330,1599594,1599658,A,True,"{""A"": 65}",218
1011,65,60330,60395,1499958,1500022,A,True,"{""A"": 65}",250
1012,65,60395,60460,901164,901228,C,True,"{""C"": 65}",76
1013,65,60460,60525,763532,763596,C,True,"{""C"": 65}",358
1014,65,60525,60590,1408329,1408393,A,True,"{""A"": 65}",210
1015,65,60590,60655,1571442,1571506,A,True,"{""A"": 65}",334
1016,65,60655,60720,174466,174530,B,True,"{""B"": 65}",98
1017,65,60720,60785,295907,295971,B,True,"{""B"": 65}",356
1018,42,60785,60827,1286738,1286779,A,True,"{""A"": 42}",152
1019,65,60827,60892,514165,514229,B,True,"{""B"": 65}",81
1020,65,60892,60957,1532961,1533025,A,True,"{""A"": 65}",238
1021,65,60957,61022,428443,428507,B,True,"{""B"": 65}",252
1022,65,61022,61087,351180,351244,B,True,"{""B"": 65}",231
1023,65,61087,61152,946239,946303,C,True,"{""C"": 65}",249
1024,65,61152,61217,1469140,1469204,A,True,"{""A"": 65}",359
1025,65,61217,61282,1019397,1019461,C,True,"{""C"": 65}",172
1026,65,61282,61347,54965,55029,B,True,"{""B"": 65}",172
1027,65,61347,61412,1441862,1441926,A,True,"{""A"": 65}",249
1028,65,61412,61477,989479,989543,C,True,"{""C"": 65}",239
1029,65,61477,61542,310143,310207,B,True,"{""B"": 65}",257
1030,65,61542,61607,286679,286743,B,True,"{""B"": 65}",243
1031,65,61607,61672,1744694,1744758,A,True,"{""A"": 65}",265
1032,39,61672,61711,1191051,1191089,C,True,"{""C"": 39}",261
1033,65,61711,61776,135879,135943,B,True,"{""B"": 65}",111
1034,65,61776,61841,495097,495161,B,True,"{""B"": 65}",211
1035,65,61841,61906,1701921,1701985,A,True,"{""A"": 65}",110
1036,65,61906,61971,1090012,1090076,C,True,"{""C"": 65}",360
1037,65,61971,62036,249967,250031,B,True,"{""B"": 65}",73
1038,65,62036,62101,348130,348194,B,True,"{""B"": 65}",225
1039,65,62101,62166,1745629,1745693,A,True,"{""A"": 65}",267
1040,65,62166,62231,1019483,1019547,C,True,"{""C"": 65}",181
1041,65,62231,62296,1328661,1328725,A,True,"{""A"": 65}",351
1042,65,62296,62361,124756,124820,B,True,"{""B"": 65}",278
1043,38,62361,62399,1491725,1491762,A,True,"{""A"": 38}",152
1044,46,62399,62445,1008761,1008806,C,True,"{""C"": 46}",197
1045,65,62445,62510,689010,689074,C,True,"{""C"": 65}",255
1046,65,62510,62575,566687,566751,B,True,"{""B"": 65}",99
1047,48,62575,62623,845652,845699,C,True,"{""C"": 48}",168
1048,65,62623,62688,1101917,1101981,C,True,"{""C"": 65}",146
1049,65,62688,62753,332918,332982,B,True,"{""B"": 65}",217
1050,65,62753,62818,273072,273136,B,True,"{""B"": 65}",48
1051,65,62818,62883,570821,570885,B,True,"{""B"": 65}",225
1052,65,62883,62948,404401,404465,B,True,"{""B"": 65}",275
1053,34,62948,62982,20391,20424,B,True,"{""B"": 34}",84
1054,65,62982,63047,295236,295300,B,True,"{""B"": 65}",217
1055,65,63047,63112,1371090,1371154,A,True,"{""A"": 65}",217
1056,65,63112,63177,367443,367507,B,True,"{""B"": 65}",361
1057,65,63177,63242,1440946,1441010,A,True,"{""A"": 65}",81
1058,36,63242,63278,1057278,1057313,C,True,"{""C"": 36}",257
1059,65,63278,63343,704886,704950,C,True,"{""C"": 65}",362
1060,65,63343,63408,64918,64982,B,True,"{""B"": 65}",152
1061,65,63408,63473,333788,333852,B,True,"{""B"": 65}",260
1062,65,63473,63538,187584,187648,B,True,"{""B"": 65}",354
1063,65,63538,63603,593752,593816,B,True,"{""B"": 65}",243
1064,65,63603,63668,159545,159609,B,True,"{""B"": 65}",99
1065,65,63668,63733,1463902,1463966,A,True,"{""A"": 65}",245
1066,38,63733,63771,563258,563295,B,True,"{""B"": 38}",246
1067,65,63771,63836,1507391,1507455,A,True,"{""A"": 65}",289
1068,65,63836,63901,1388558,1388622,A,True,"{""A"": 65}",356
1069,65,63901,63966,917282,917346,C,True,"{""C"": 65}",177
1070,34,63966,64000,20389,20422,B,True,"{""B"": 34}",177
1071,65,64000,64065,1537020,1537084,A,True,"{""A"": 65}",334
1072,65,64065,64130,331754,331818,B,True,"{""B"": 65}",334
1073,65,64130,64195,467048,467112,B,True,"{""B"": 65}",356
1074,65,64195,64260,1519555,1519619,A,True,"{""A"": 65}",201
1075,65,64260,64325,586948,587012,B,True,"{""B"": 65}",357
1076,36,64325,64361,832068,832103,C,True,"{""C"": 36}",362
1077,44,64361,64405,741280,741323,C,True,"{""C"": 44}",275
1078,65,64405,64470,786041,786105,C,True,"{""C"": 65}",2
1079,65,64470,64535,1599637,1599701,A,True,"{""A"": 65}",275
1080,65,64535,64600,638648,638712,C,True,"{""C"": 65}",48
1081,65,64600,64665,1655631,1655695,A,True,"{""A"": 65}",333
1082,65,64665,64730,320072,320136,B,True,"{""B"": 65}",244
1083,65,64730,64795,62447,62511,B,True,"{""B"": 65}",162
1084,65,64795,64860,632574,632638,C,True,"{""C"": 65}",277
1085,65,64860,64925,755378,755442,C,True,"{""C"": 65}",357
1086,65,64925,64990,1755907,1755971,A,True,"{""A"": 65}",269
1087,65,64990,65055,1533218,1533282,A,True,"{""A"": 65}",242
1088,65,65055,65120,285825,285889,B,True,"{""B"": 65}",218
1089,65,65120,65185,472066,472130,B,True,"{""B"": 65}",269
1090,44,65185,65229,832059,832102,C,True,"{""C"": 44}",236
1091,65,65229,65294,431851,431915,B,True,"{""B"": 65}",163
1092,65,65294,65359,400169,400233,B,True,"{""B"": 65}",244
1093,65,65359,65424,1652484,1652548,A,True,"{""A"": 65}",270
1094,65,65424,65489,1236989,1237053,A,True,"{""A"": 65}",278
1095,65,65489,65554,188890,188954,B,True,"{""B"": 65}",275
1096,65,65554,65619,157007,157071,B,True,"{""B"": 65}",236
1097,65,65619,65684,704892,704956,C,True,"{""C"": 65}",236
1098,65,65684,65749,723879,723943,C,True,"{""C"": 65}",2
1099,65,65749,65814,259522,259586,B,True,"{""B"": 65}",363
1100,65,65814,65879,1294331,1294395,A,True,"{""A"": 65}",277
1101,65,65879,65944,1275281,1275345,A,True,"{""A"": 65}",277
1102,45,65944,65989,121361,121405,B,True,"{""B"": 45}",236
1103,65,65989,66054,1038621,1038685,C,True,"{""C"": 65}",205
1104,65,66054,66119,1438720,1438784,A,True,"{""A"": 65}",364
1105,65,66119,66184,1128165,1128229,C,True,"{""C"": 65}",362
1106,43,66184,66227,1128194,1128236,C,True,"{""C"": 43}",258
1107,42,66227,66269,686228,686269,C,True,"{""C"": 42}",364
1108,65,66269,66334,148222,148286,B,True,"{""B"": 65}",278
1109,42,66334,66376,788105,788146,C,True,"{""C"": 42}",363
1110,65,66376,66441,1757409,1757473,A,True,"{""A"": 65}",363
1111,65,66441,66506,796719,796783,C,True,"{""C"": 65}",128
1112,65,66506,66571,962094,962158,C,True,"{""C"": 65}",88
1113,65,66571,66636,1726380,1726444,A,True,"{""A"": 65}",59
1114,65,66636,66701,106981,107045,B,True,"{""B"": 65}",97
1115,42,66701,66743,1724543,1724584,A,True,"{""A"": 42}",76
1116,65,66743,66808,1652331,1652395,A,True,"{""A"": 65}",141
1117,65,66808,66873,142092,142156,B,True,"{""B"": 65}",77
1118,65,66873,66938,493585,493649,B,True,"{""B"": 65}",349
1119,65,66938,67003,1094388,1094452,C,True,"{""C"": 65}",124
1120,43,67003,67046,404173,404215,B,True,"{""B"": 43}",215
1121,65,67046,67111,534505,534569,B,True,"{""B"": 65}",112
1122,38,67111,67149,160409,160446,B,True,"{""B"": 38}",365
1123,65,67149,67214,1469533,1469597,A,True,"{""A"": 65}",124
1124,48,67214,67262,877218,877265,C,True,"{""C"": 48}",343
1125,36,67262,67298,701784,701819,C,True,"{""C"": 36}",14
1126,65,67298,67363,1701177,1701241,A,True,"{""A"": 65}",44
1127,65,67363,67428,1754133,1754197,A,True,"{""A"": 65}",63
1128,38,67428,67466,404343,404380,B,True,"{""B"": 38}",31
1129,65,67466,67531,74063,74127,B,True,"{""B"": 65}",37
1130,35,67531,67566,1631510,1631544,A,True,"{""A"": 35}",145
1131,42,67566,67608,1420024,1420065,A,True,"{""A"": 42}",15
1132,65,67608,67673,784469,784533,C,True,"{""C"": 65}",58
1133,65,67673,67738,1017694,1017758,C,True,"{""C"": 65}",18
1134,42,67738,67780,121166,121207,B,True,"{""B"": 42}",131
1135,65,67780,67845,273969,274033,B,True,"{""B"": 65}",127
1136,65,67845,67910,465845,465909,B,True,"{""B"": 65}",132
1137,65,67910,67975,1697611,1697675,A,True,"{""A"": 65}",193
1138,65,67975,68040,360985,361049,B,True,"{""B"": 65}",9
1139,65,68040,68105,258383,258447,B,True,"{""B"": 65}",284
1140,65,68105,68170,21976,22040,B,True,"{""B"": 65}",6
1141,65,68170,68235,1184431,1184495,C,True,"{""C"": 65}",216
1142,65,68235,68300,1490447,1490511,A,True,"{""A"": 65}",166
1143,65,68300,68365,1395606,1395670,A,True,"{""A"": 65}",125
1144,36,68365,68401,716031,716066,C,True,"{""C"": 36}",90
1145,65,68401,68466,1723734,1723798,A,True,"{""A"": 65}",70
1146,65,68466,68531,1768104,1768168,A,True,"{""A"": 65}",294
1147,65,68531,68596,772708,772772,C,True,"{""C"": 65}",159
1148,65,68596,68661,864720,864784,C,True,"{""C"": 65}",294
1149,65,68661,68726,1488129,1488193,A,True,"{""A"": 65}",144
1150,65,68726,68791,1649598,1649662,A,True,"{""A"": 65}",358
1151,43,68791,68834,1505642,1505684,A,True,"{""A"": 43}",366
1152,65,68834,68899,1505780,1505844,A,True,"{""A"": 65}",189
1153,65,68899,68964,674348,674412,C,True,"{""C"": 65}",10
1154,65,68964,69029,1078406,1078470,C,True,"{""C"": 65}",189
1155,65,69029,69094,63198,63262,B,True,"{""B"": 65}",298
1156,65,69094,69159,1398480,1398544,A,True,"{""A"": 65}",287
1157,65,69159,69224,268836,268900,B,True,"{""B"": 65}",67
1158,65,69224,69289,773927,773991,C,True,"{""C"": 65}",167
1159,65,69289,69354,1419393,1419457,A,True,"{""A"": 65}",29
1160,65,69354,69419,1480276,1480340,A,True,"{""A"": 65}",57
1161,47,69419,69466,1343269,1343315,A,True,"{""A"": 47}",16
1162,65,69466,69531,1037871,1037935,C,True,"{""C"": 65}",135
1163,65,69531,69596,962095,962159,C,True,"{""C"": 65}",79
1164,65,69596,69661,1375005,1375069,A,True,"{""A"": 65}",103
1165,42,69661,69703,484363,484404,B,True,"{""B"": 42}",323
1166,65,69703,69768,840415,840479,C,True,"{""C"": 65}",352
1167,65,69768,69833,1522723,1522787,A,True,"{""A"": 65}",158
1168,65,69833,69898,1245135,1245199,A,True,"{""A"": 65}",325
1169,41,69898,69939,1200739,1200779,A,True,"{""A"": 41}",148
1170,65,69939,70004,324558,324622,B,True,"{""B"": 65}",131
1171,65,70004,70069,428582,428646,B,True,"{""B"": 65}",10
1172,65,70069,70134,578100,578164,B,True,"{""B"": 65}",160
1173,65,70134,70199,1079921,1079985,C,True,"{""C"": 65}",180
1174,65,70199,70264,1735680,1735744,A,True,"{""A"": 65}",160
1175,65,70264,70329,154660,154724,B,True,"{""B"": 65}",189
1176,65,70329,70394,1326098,1326162,A,True,"{""A"": 65}",192
1177,65,70394,70459,599376,599440,C,True,"{""C"": 65}",178
1178,65,70459,70524,1150605,1150669,C,True,"{""C"": 65}",122
1179,65,70524,70589,978736,978800,C,True,"{""C"": 65}",348
1180,65,70589,70654,5837,5901,B,True,"{""B"": 65}",125
1181,41,70654,70695,1226741,1226781,A,True,"{""A"": 41}",3
1182,65,70695,70760,632665,632729,C,True,"{""C"": 65}",93
1183,42,70760,70802,1538553,1538594,A,True,"{""A"": 42}",312
1184,40,70802,70842,683765,683804,C,True,"{""C"": 40}",49
1185,65,70842,70907,283243,283307,B,True,"{""B"": 65}",284
1186,65,70907,70972,528110,528174,B,True,"{""B"": 65}",35
1187,65,70972,71037,506240,506304,B,True,"{""B"": 65}",135
1188,65,71037,71102,976053,976117,C,True,"{""C"": 65}",117
1189,65,71102,71167,428052,428116,B,True,"{""B"": 65}",329
1190,65,71167,71232,177032,177096,B,True,"{""B"": 65}",331
1191,65,71232,71297,1250562,1250626,A,True,"{""A"": 65}",4
1192,65,71297,71362,732959,733023,C,True,"{""C"": 65}",144
1193,65,71362,71427,13978,14042,B,True,"{""B"": 65}",223
1194,42,71427,71469,557013,557054,B,True,"{""B"": 42}",43
1195,45,71469,71514,1434682,1434726,A,True,"{""A"": 45}",136
1196,65,71514,71579,466774,466838,B,True,"{""B"": 65}",149
1197,65,71579,71644,902095,902159,C,True,"{""C"": 65}",129
1198,65,71644,71709,1622476,1622540,A,True,"{""A"": 65}",202
1199,43,71709,71752,1251593,1251635,A,True,"{""A"": 43}",35
1200,65,71752,71817,817102,817166,C,True,"{""C"": 65}",348
1201,65,71817,71882,1327694,1327758,A,True,"{""A"": 65}",4
1202,65,71882,71947,1212708,1212772,A,True,"{""A"": 65}",345
1203,65,71947,72012,1153234,1153298,C,True,"{""C"": 65}",331
1204,65,72012,72077,617477,617541,C,True,"{""C"": 65}",134
1205,65,72077,72142,275584,275648,B,True,"{""B"": 65}",7
1206,65,72142,72207,602806,602870,C,True,"{""C"": 65}",79
1207,65,72207,72272,1553777,1553841,A,True,"{""A"": 65}",167
1208,65,72272,72337,436452,436516,B,True,"{""B"": 65}",367
1209,65,72337,72402,1452056,1452120,A,True,"{""A"": 65}",81
1210,65,72402,72467,706877,706941,C,True,"{""C"": 65}",297
1211,65,72467,72532,1716591,1716655,A,True,"{""A"": 65}",176
1212,45,72532,72577,178189,178233,B,True,"{""B"": 45}",46
1213,65,72577,72642,1732492,1732556,A,True,"{""A"": 65}",302
1214,38,72642,72680,87050,87087,B,True,"{""B"": 38}",46
1215,65,72680,72745,94207,94271,B,True,"{""B"": 65}",42
1216,65,72745,72810,1347810,1347874,A,True,"{""A"": 65}",10
1217,65,72810,72875,1649122,1649186,A,True,"{""A"": 65}",338
1218,65,72875,72940,609656,609720,C,True,"{""C"": 65}",70
1219,65,72940,73005,1653750,1653814,A,True,"{""A"": 65}",232
1220,65,73005,73070,1364883,1364947,A,True,"{""A"": 65}",30
1221,38,73070,73108,684391,684428,C,True,"{""C"": 38}",312
1222,65,73108,73173,1397157,1397221,A,True,"{""A"": 65}",123
1223,46,73173,73219,988560,988605,C,True,"{""C"": 46}",305
1224,44,73219,73263,1173423,1173466,C,True,"{""C"": 44}",339
1225,65,73263,73328,1117257,1117321,C,True,"{""C"": 65}",319
1226,40,73328,73368,464680,464719,B,True,"{""B"": 40}",12
1227,65,73368,73433,199701,199765,B,True,"{""B"": 65}",359
1228,65,73433,73498,1541221,1541285,A,True,"{""A"": 65}",208
1229,65,73498,73563,447730,447794,B,True,"{""B"": 65}",122
1230,65,73563,73628,1475842,1475906,A,True,"{""A"": 65}",22
1231,65,73628,73693,196453,196517,B,True,"{""B"": 65}",133
1232,65,73693,73758,163919,163983,B,True,"{""B"": 65}",179
1233,65,73758,73823,653405,653469,C,True,"{""C"": 65}",217
1234,38,73823,73861,1013772,1013809,C,True,"{""C"": 38}",105
1235,39,73861,73900,296760,296798,B,True,"{""B"": 39}",176
1236,44,73900,73944,955540,955583,C,True,"{""C"": 44}",305
1237,65,73944,74009,174472,174536,B,True,"{""B"": 65}",152
1238,65,74009,74074,1689237,1689301,A,True,"{""A"": 65}",22
1239,65,74074,74139,1047817,1047881,C,True,"{""C"": 65}",53
1240,65,74139,74204,361244,361308,B,True,"{""B"": 65}",130
1241,65,74204,74269,135266,135330,B,True,"{""B"": 65}",153
1242,65,74269,74334,1383941,1384005,A,True,"{""A"": 65}",177
1243,34,74334,74368,195771,195804,B,True,"{""B"": 34}",14
1244,65,74368,74433,639918,639982,C,True,"{""C"": 65}",69
1245,65,74433,74498,45349,45413,B,True,"{""B"": 65}",74
1246,65,74498,74563,870807,870871,C,True,"{""C"": 65}",104
1247,65,74563,74628,216030,216094,B,True,"{""B"": 65}",71
1248,41,74628,74669,1164378,1164418,C,True,"{""C"": 41}",143
1249,65,74669,74734,980554,980618,C,True,"{""C"": 65}",325
1250,65,74734,74799,1281060,1281124,A,True,"{""A"": 65}",108
1251,65,74799,74864,976221,976285,C,True,"{""C"": 65}",287
1252,35,74864,74899,836707,836741,C,True,"{""C"": 35}",29
1253,65,74899,74964,170731,170795,B,True,"{""B"": 65}",282
1254,65,74964,75029,1703213,1703277,A,True,"{""A"": 65}",343
1255,65,75029,75094,851068,851132,C,True,"{""C"": 65}",307
1256,65,75094,75159,693163,693227,C,True,"{""C"": 65}",137
1257,65,75159,75224,1785646,1785710,A,True,"{""A"": 65}",309
1258,65,75224,75289,595827,595891,B,True,"{""B"": 65}",72
1259,65,75289,75354,806864,806928,C,True,"{""C"": 65}",368
1260,40,75354,75394,958657,958696,C,True,"{""C"": 40}",142
1261,65,75394,75459,285181,285245,B,True,"{""B"": 65}",112
1262,38,75459,75497,497790,497827,B,True,"{""B"": 38}",280
1263,65,75497,75562,222769,222833,B,True,"{""B"": 65}",127
1264,65,75562,75627,764737,764801,C,True,"{""C"": 65}",342
1265,65,75627,75692,93948,94012,B,True,"{""B"": 65}",358
1266,65,75692,75757,1712462,1712526,A,True,"{""A"": 65}",285
1267,65,75757,75822,1623728,1623792,A,True,"{""A"": 65}",336
1268,41,75822,75863,1092008,1092048,C,True,"{""C"": 41}",32
1269,65,75863,75928,1466634,1466698,A,True,"{""A"": 65}",139
1270,65,75928,75993,247417,247481,B,True,"{""B"": 65}",119
1271,65,75993,76058,827888,827952,C,True,"{""C"": 65}",50
1272,65,76058,76123,885891,885955,C,True,"{""C"": 65}",47
1273,65,76123,76188,1213963,1214027,A,True,"{""A"": 65}",9
1274,65,76188,76253,1278546,1278610,A,True,"{""A"": 65}",108
1275,65,76253,76318,1373599,1373663,A,True,"{""A"": 65}",4
1276,65,76318,76383,160308,160372,B,True,"{""B"": 65}",190
1277,65,76383,76448,1160360,1160424,C,True,"{""C"": 65}",98
1278,65,76448,76513,1301328,1301392,A,True,"{""A"": 65}",369
1279,65,76513,76578,340285,340349,B,True,"{""B"": 65}",267
1280,65,76578,76643,606872,606936,C,True,"{""C"": 65}",318
1281,39,76643,76682,1656979,1657017,A,True,"{""A"": 39}",323
1282,65,76682,76747,9619,9683,B,True,"{""B"": 65}",282
1283,65,76747,76812,1247283,1247347,A,True,"{""A"": 65}",59
1284,65,76812,76877,808167,808231,C,True,"{""C"": 65}",52
1285,44,76877,76921,415213,415256,B,True,"{""B"": 44}",282
1286,65,76921,76986,541335,541399,B,True,"{""B"": 65}",114
1287,65,76986,77051,906921,906985,C,True,"{""C"": 65}",302
1288,65,77051,77116,1270803,1270867,A,True,"{""A"": 65}",304
1289,65,77116,77181,964550,964614,C,True,"{""C"": 65}",18
1290,65,77181,77246,853143,853207,C,True,"{""C"": 65}",122
1291,65,77246,77311,936817,936881,C,True,"{""C"": 65}",55
1292,48,77311,77359,490144,490191,B,True,"{""B"": 48}",269
1293,49,77359,77408,1578902,1578950,A,True,"{""A"": 49}",169
1294,65,77408,77473,29037,29101,B,True,"{""B"": 65}",26
1295,65,77473,77538,632147,632211,C,True,"{""C"": 65}",83
1296,65,77538,77603,936190,936254,C,True,"{""C"": 65}",370
1297,45,77603,77648,168711,168755,B,True,"{""B"": 45}",302
1298,49,77648,77697,1114324,1114372,C,True,"{""C"": 49}",323
1299,65,77697,77762,1128817,1128881,C,True,"{""C"": 65}",9
1300,65,77762,77827,793440,793504,C,True,"{""C"": 65}",121
1301,65,77827,77892,24348,24412,B,True,"{""B"": 65}",371
1302,46,77892,77938,570849,570894,B,True,"{""B"": 46}",331
1303,34,77938,77972,614174,614207,C,True,"{""C"": 34}",128
1304,65,77972,78037,702743,702807,C,True,"{""C"": 65}",77
1305,38,78037,78075,184074,184111,B,True,"{""B"": 38}",339
1306,65,78075,78140,1595396,1595460,A,True,"{""A"": 65}",302
1307,42,78140,78182,1437818,1437859,A,True,"{""A"": 42}",282
1308,65,78182,78247,1115563,1115627,C,True,"{""C"": 65}",135
1309,65,78247,78312,1269479,1269543,A,True,"{""A"": 65}",298
1310,42,78312,78354,1788223,1788264,A,True,"{""A"": 42}",339
1311,65,78354,78419,52360,52424,B,True,"{""B"": 65}",372
1312,39,78419,78458,1168189,1168227,C,True,"{""C"": 39}",141
1313,65,78458,78523,1451757,1451821,A,True,"{""A"": 65}",70
1314,65,78523,78588,96786,96850,B,True,"{""B"": 65}",143
1315,65,78588,78653,1666626,1666690,A,True,"{""A"": 65}",230
1316,65,78653,78718,1625972,1626036,A,True,"{""A"": 65}",140
1317,65,78718,78783,288889,288953,B,True,"{""B"": 65}",313
1318,65,78783,78848,90144,90208,B,True,"{""B"": 65}",106
1319,65,78848,78913,108961,109025,B,True,"{""B"": 65}",215
1320,65,78913,78978,532062,532126,B,True,"{""B"": 65}",343
1321,40,78978,79018,1722320,1722359,A,True,"{""A"": 40}",306
1322,65,79018,79083,816539,816603,C,True,"{""C"": 65}",140
1323,65,79083,79148,1276660,1276724,A,True,"{""A"": 65}",264
1324,39,79148,79187,465678,465716,B,True,"{""B"": 39}",105
1325,65,79187,79252,671889,671953,C,True,"{""C"": 65}",367
1326,65,79252,79317,1352968,1353032,A,True,"{""A"": 65}",101
1327,65,79317,79382,1778736,1778800,A,True,"{""A"": 65}",169
1328,65,79382,79447,1738989,1739053,A,True,"{""A"": 65}",107
1329,40,79447,79487,1179821,1179860,C,True,"{""C"": 40}",16
1330,44,79487,79531,970373,970416,C,True,"{""C"": 44}",307
1331,65,79531,79596,863146,863210,C,True,"{""C"": 65}",126
1332,36,79596,79632,401084,401119,B,True,"{""B"": 36}",118
1333,65,79632,79697,811550,811614,C,True,"{""C"": 65}",53
1334,65,79697,79762,358595,358659,B,True,"{""B"": 65}",6
1335,65,79762,79827,766947,767011,C,True,"{""C"": 65}",96
1336,65,79827,79892,442562,442626,B,True,"{""B"": 65}",70
1337,65,79892,79957,1663222,1663286,A,True,"{""A"": 65}",106
1338,65,79957,80022,1558735,1558799,A,True,"{""A"": 65}",107
1339,65,80022,80087,697813,697877,C,True,"{""C"": 65}",79
1340,43,80087,80130,810923,810965,C,True,"{""C"": 43}",28
1341,65,80130,80195,1108672,1108736,C,True,"{""C"": 65}",316
1342,65,80195,80260,1581731,1581795,A,True,"{""A"": 65}",209
1343,44,80260,80304,522027,522070,B,True,"{""B"": 44}",82
1344,65,80304,80369,1772438,1772502,A,True,"{""A"": 65}",71
1345,65,80369,80434,284463,284527,B,True,"{""B"": 65}",27
1346,65,80434,80499,407872,407936,B,True,"{""B"": 65}",124
1347,65,80499,80564,1620426,1620490,A,True,"{""A"": 65}",196
1348,35,80564,80599,595698,595732,B,True,"{""B"": 35}",330
1349,65,80599,80664,95490,95554,B,True,"{""B"": 65}",167
1350,65,80664,80729,927370,927434,C,True,"{""C"": 65}",260
1351,65,80729,80794,1666435,1666499,A,True,"{""A"": 65}",142
1352,65,80794,80859,992307,992371,C,True,"{""C"": 65}",303
1353,65,80859,80924,1420400,1420464,A,True,"{""A"": 65}",117
1354,65,80924,80989,40707,40771,B,True,"{""B"": 65}",109
1355,65,80989,81054,188685,188749,B,True,"{""B"": 65}",68
1356,65,81054,81119,1404329,1404393,A,True,"{""A"": 65}",199
1357,65,81119,81184,1692215,1692279,A,True,"{""A"": 65}",174
1358,65,81184,81249,1466238,1466302,A,True,"{""A"": 65}",131
1359,65,81249,81314,1623992,1624056,A,True,"{""A"": 65}",231
1360,41,81314,81355,967082,967122,C,True,"{""C"": 41}",91
1361,65,81355,81420,564136,564200,B,True,"{""B"": 65}",232
1362,65,81420,81485,678841,678905,C,True,"{""C"": 65}",295
1363,49,81485,81534,779462,779510,C,True,"{""C"": 49}",226
1364,65,81534,81599,1272301,1272365,A,True,"{""A"": 65}",97
1365,65,81599,81664,811297,811361,C,True,"{""C"": 65}",160
1366,65,81664,81729,414538,414602,B,True,"{""B"": 65}",345
1367,65,81729,81794,1423520,1423584,A,True,"{""A"": 65}",150
1368,41,81794,81835,883315,883355,C,True,"{""C"": 41}",339
1369,65,81835,81900,1498599,1498663,A,True,"{""A"": 65}",127
1370,65,81900,81965,697646,697710,C,True,"{""C"": 65}",287
1371,65,81965,82030,1675405,1675469,A,True,"{""A"": 65}",315
1372,65,82030,82095,1162670,1162734,C,True,"{""C"": 65}",326
1373,65,82095,82160,1165530,1165594,C,True,"{""C"": 65}",51
1374,44,82160,82204,684733,684776,C,True,"{""C"": 44}",131
1375,48,82204,82252,407439,407486,B,True,"{""B"": 48}",127
1376,65,82252,82317,80194,80258,B,True,"{""B"": 65}",141
1377,65,82317,82382,324078,324142,B,True,"{""B"": 65}",132
1378,65,82382,82447,492384,492448,B,True,"{""B"": 65}",201
1379,65,82447,82512,1314845,1314909,A,True,"{""A"": 65}",99
1380,43,82512,82555,1334916,1334958,A,True,"{""A"": 43}",27
1381,65,82555,82620,167475,167539,B,True,"{""B"": 65}",130
1382,65,82620,82685,1602645,1602709,A,True,"{""A"": 65}",53
1383,65,82685,82750,606992,607056,C,True,"{""C"": 65}",316
1384,65,82750,82815,1033352,1033416,C,True,"{""C"": 65}",187
1385,65,82815,82880,1613137,1613201,A,True,"{""A"": 65}",107
1386,65,82880,82945,1544508,1544572,A,True,"{""A"": 65}",149
1387,36,82945,82981,1502732,1502767,A,True,"{""A"": 36}",309
1388,65,82981,83046,290097,290161,B,True,"{""B"": 65}",373
1389,65,83046,83111,1353893,1353957,A,True,"{""A"": 65}",183
1390,65,83111,83176,1425706,1425770,A,True,"{""A"": 65}",11
1391,65,83176,83241,448332,448396,B,True,"{""B"": 65}",20
1392,47,83241,83288,1438387,1438433,A,True,"{""A"": 47}",335
1393,36,83288,83324,1396865,1396900,A,True,"{""A"": 36}",95
1394,65,83324,83389,139030,139094,B,True,"{""B"": 65}",204
1395,65,83389,83454,892157,892221,C,True,"{""C"": 65}",327
1396,35,83454,83489,508276,508310,B,True,"{""B"": 35}",374
1397,65,83489,83554,1742668,1742732,A,True,"{""A"": 65}",343
1398,65,83554,83619,65633,65697,B,True,"{""B"": 65}",310
1399,65,83619,83684,1162748,1162812,C,True,"{""C"": 65}",196
1400,65,83684,83749,121104,121168,B,True,"{""B"": 65}",27
1401,65,83749,83814,220040,220104,B,True,"{""B"": 65}",186
1402,65,83814,83879,822441,822505,C,True,"{""C"": 65}",311
1403,65,83879,83944,155147,155211,B,True,"{""B"": 65}",62
1404,40,83944,83984,1211936,1211975,A,True,"{""A"": 40}",375
1405,65,83984,84049,445535,445599,B,True,"{""B"": 65}",51
1406,65,84049,84114,811994,812058,C,True,"{""C"": 65}",38
1407,65,84114,84179,1748414,1748478,A,True,"{""A"": 65}",192
1408,65,84179,84244,1205602,1205666,A,True,"{""A"": 65}",16
1409,45,84244,84289,1667870,1667914,A,True,"{""A"": 45}",173
1410,65,84289,84354,1196689,1196753,A,True,"{""A"": 65}",197
1411,65,84354,84419,1629453,1629517,A,True,"{""A"": 65}",134
1412,65,84419,84484,1147847,1147911,C,True,"{""C"": 65}",349
1413,49,84484,84533,219055,219103,B,True,"{""B"": 49}",143
1414,65,84533,84598,1169505,1169569,C,True,"{""C"": 65}",164
1415,65,84598,84663,15738,15802,B,True,"{""B"": 65}",309
1416,65,84663,84728,1290413,1290477,A,True,"{""A"": 65}",349
1417,65,84728,84793,1506055,1506119,A,True,"{""A"": 65}",192
1418,36,84793,84829,1243662,1243697,A,True,"{""A"": 36}",41
1419,65,84829,84894,398979,399043,B,True,"{""B"": 65}",149
1420,65,84894,84959,304546,304610,B,True,"{""B"": 65}",210
1421,65,84959,85024,1497867,1497931,A,True,"{""A"": 65}",73
1422,65,85024,85089,584505,584569,B,True,"{""B"": 65}",191
1423,65,85089,85154,1055888,1055952,C,True,"{""C"": 65}",80
1424,41,85154,85195,1248410,1248450,A,True,"{""A"": 41}",258
1425,65,85195,85260,559930,559994,B,True,"{""B"": 65}",307
1426,37,85260,85297,767172,767208,C,True,"{""C"": 37}",367
1427,65,85297,85362,1517395,1517459,A,True,"{""A"": 65}",227
1428,65,85362,85427,127532,127596,B,True,"{""B"": 65}",136
1429,37,85427,85464,357737,357773,B,True,"{""B"": 37}",230
1430,65,85464,85529,1787689,1787753,A,True,"{""A"": 65}",5
1431,65,85529,85594,1403115,1403179,A,True,"{""A"": 65}",40
1432,65,85594,85659,342627,342691,B,True,"{""B"": 65}",374
1433,65,85659,85724,98506,98570,B,True,"{""B"": 65}",16
1434,65,85724,85789,1053230,1053294,C,True,"{""C"": 65}",209
1435,65,85789,85854,74331,74395,B,True,"{""B"": 65}",164
1436,65,85854,85919,583356,583420,B,True,"{""B"": 65}",343
1437,43,85919,85962,1580302,1580344,A,True,"{""A"": 43}",87
1438,65,85962,86027,270998,271062,B,True,"{""B"": 65}",39
1439,65,86027,86092,228482,228546,B,True,"{""B"": 65}",301
1440,65,86092,86157,1331928,1331992,A,True,"{""A"": 65}",257
1441,65,86157,86222,1733427,1733491,A,True,"{""A"": 65}",196
1442,65,86222,86287,27085,27149,B,True,"{""B"": 65}",60
1443,65,86287,86352,1138557,1138621,C,True,"{""C"": 65}",130
1444,65,86352,86417,75234,75298,B,True,"{""B"": 65}",194
1445,65,86417,86482,189821,189885,B,True,"{""B"": 65}",80
1446,65,86482,86547,337761,337825,B,True,"{""B"": 65}",266
1447,65,86547,86612,1565286,1565350,A,True,"{""A"": 65}",12
1448,38,86612,86650,1015672,1015709,C,True,"{""C"": 38}",156
1449,65,86650,86715,1041461,1041525,C,True,"{""C"": 65}",296
1450,48,86715,86763,673801,673848,C,True,"{""C"": 48}",154
1451,65,86763,86828,194813,194877,B,True,"{""B"": 65}",193
1452,37,86828,86865,1183453,1183489,C,True,"{""C"": 37}",35
1453,65,86865,86930,487179,487243,B,True,"{""B"": 65}",102
1454,65,86930,86995,1053854,1053918,C,True,"{""C"": 65}",337
1455,65,86995,87060,1050410,1050474,C,True,"{""C"": 65}",37
1456,65,87060,87125,122728,122792,B,True,"{""B"": 65}",176
1457,65,87125,87190,1651806,1651870,A,True,"{""A"": 65}",233
1458,65,87190,87255,354111,354175,B,True,"{""B"": 65}",322
1459,65,87255,87320,1253438,1253502,A,True,"{""A"": 65}",150
1460,48,87320,87368,1190264,1190311,C,True,"{""C"": 48}",38
1461,65,87368,87433,1403109,1403173,A,True,"{""A"": 65}",7
1462,41,87433,87474,1114665,1114705,C,True,"{""C"": 41}",176
1463,65,87474,87539,840549,840613,C,True,"{""C"": 65}",159
1464,65,87539,87604,1356145,1356209,A,True,"{""A"": 65}",22
1465,65,87604,87669,292551,292615,B,True,"{""B"": 65}",177
1466,65,87669,87734,1343631,1343695,A,True,"{""A"": 65}",222
1467,39,87734,87773,904999,905037,C,True,"{""C"": 39}",249
1468,65,87773,87838,1022108,1022172,C,True,"{""C"": 65}",159
1469,65,87838,87903,1057733,1057797,C,True,"{""C"": 65}",376
1470,65,87903,87968,647710,647774,C,True,"{""C"": 65}",260
1471,41,87968,88009,130878,130918,B,True,"{""B"": 41}",206
1472,38,88009,88047,996146,996183,C,True,"{""C"": 38}",209
1473,65,88047,88112,1649061,1649125,A,True,"{""A"": 65}",349
1474,65,88112,88177,1471499,1471563,A,True,"{""A"": 65}",85
1475,65,88177,88242,905537,905601,C,True,"{""C"": 65}",367
1476,65,88242,88307,365640,365704,B,True,"{""B"": 65}",224
1477,65,88307,88372,1658457,1658521,A,True,"{""A"": 65}",161
1478,65,88372,88437,556798,556862,B,True,"{""B"": 65}",33
1479,47,88437,88484,901014,901060,C,True,"{""C"": 47}",239
1480,65,88484,88549,1624784,1624848,A,True,"{""A"": 65}",154
1481,65,88549,88614,183245,183309,B,True,"{""B"": 65}",56
1482,34,88614,88648,1070776,1070809,C,True,"{""C"": 34}",127
1483,65,88648,88713,489611,489675,B,True,"{""B"": 65}",275
1484,37,88713,88750,147562,147598,B,True,"{""B"": 37}",161
1485,45,88750,88795,727803,727847,C,True,"{""C"": 45}",190
1486,65,88795,88860,1622304,1622368,A,True,"{""A"": 65}",85
1487,65,88860,88925,1786693,1786757,A,True,"{""A"": 65}",6
1488,65,88925,88990,1323289,1323353,A,True,"{""A"": 65}",220
1489,43,88990,89033,816875,816917,C,True,"{""C"": 43}",60
1490,42,89033,89075,1767118,1767159,A,True,"{""A"": 42}",344
1491,43,89075,89118,1431035,1431077,A,True,"{""A"": 43}",68
1492,65,89118,89183,314547,314611,B,True,"{""B"": 65}",153
1493,65,89183,89248,1512149,1512213,A,True,"{""A"": 65}",192
1494,65,89248,89313,69797,69861,B,True,"{""B"": 65}",39
1495,65,89313,89378,1473368,1473432,A,True,"{""A"": 65}",318
1496,65,89378,89443,1124032,1124096,C,True,"{""C"": 65}",181
1497,65,89443,89508,1667270,1667334,A,True,"{""A"": 65}",230
1498,47,89508,89555,844131,844177,C,True,"{""C"": 47}",206
1499,65,89555,89620,385336,385400,B,True,"{""B"": 65}",85
1500,65,89620,89685,80904,80968,B,True,"{""B"": 65}",297
1501,65,89685,89750,756360,756424,C,True,"{""C"": 65}",153
1502,42,89750,89792,1666283,1666324,A,True,"{""A"": 42}",27
1503,65,89792,89857,367455,367519,B,True,"{""B"": 65}",168
1504,42,89857,89899,1395455,1395496,A,True,"{""A"": 42}",196
1505,65,89899,89964,1714358,1714422,A,True,"{""A"": 65}",311
1506,40,89964,90004,935832,935871,C,True,"{""C"": 40}",192
1507,65,90004,90069,1695743,1695807,A,True,"{""A"": 65}",239
1508,65,90069,90134,917033,917097,C,True,"{""C"": 65}",310
1509,65,90134,90199,805,869,B,True,"{""B"": 65}",216
1510,65,90199,90264,780086,780150,C,True,"{""C"": 65}",310
1511,65,90264,90329,45664,45728,B,True,"{""B"": 65}",138
1512,65,90329,90394,854184,854248,C,True,"{""C"": 65}",198
1513,65,90394,90459,1023132,1023196,C,True,"{""C"": 65}",377
1514,48,90459,90507,1537712,1537759,A,True,"{""A"": 48}",216
1515,65,90507,90572,1619339,1619403,A,True,"{""A"": 65}",17
1516,65,90572,90637,333093,333157,B,True,"{""B"": 65}",267
1517,65,90637,90702,1755815,1755879,A,True,"{""A"": 65}",26
1518,65,90702,90767,1294174,1294238,A,True,"{""A"": 65}",361
1519,65,90767,90832,1143821,1143885,C,True,"{""C"": 65}",138
1520,65,90832,90897,725065,725129,C,True,"{""C"": 65}",224
1521,65,90897,90962,1551646,1551710,A,True,"{""A"": 65}",17
1522,65,90962,91027,768441,768505,C,True,"{""C"": 65}",376
1523,65,91027,91092,880032,880096,C,True,"{""C"": 65}",162
1524,65,91092,91157,60806,60870,B,True,"{""B"": 65}",127
1525,65,91157,91222,989150,989214,C,True,"{""C"": 65}",62
1526,65,91222,91287,1461694,1461758,A,True,"{""A"": 65}",210
1527,65,91287,91352,973303,973367,C,True,"{""C"": 65}",96
1528,65,91352,91417,778379,778443,C,True,"{""C"": 65}",193
1529,65,91417,91482,985195,985259,C,True,"{""C"": 65}",304
1530,65,91482,91547,217209,217273,B,True,"{""B"": 65}",273
1531,65,91547,91612,951424,951488,C,True,"{""C"": 65}",127
1532,65,91612,91677,1597826,1597890,A,True,"{""A"": 65}",207
1533,65,91677,91742,1642700,1642764,A,True,"{""A"": 65}",310
1534,65,91742,91807,1438450,1438514,A,True,"{""A"": 65}",332
1535,65,91807,91872,1084561,1084625,C,True,"{""C"": 65}",318
1536,46,91872,91918,941065,941110,C,True,"{""C"": 46}",110
1537,65,91918,91983,373724,373788,B,True,"{""B"": 65}",237
1538,47,91983,92030,792412,792458,C,True,"{""C"": 47}",76
1539,65,92030,92095,39624,39688,B,True,"{""B"": 65}",183
1540,65,92095,92160,640121,640185,C,True,"{""C"": 65}",87
1541,65,92160,92225,995835,995899,C,True,"{""C"": 65}",116
1542,65,92225,92290,1204856,1204920,A,True,"{""A"": 65}",151
1543,65,92290,92355,1525847,1525911,A,True,"{""A"": 65}",255
1544,65,92355,92420,339140,339204,B,True,"{""B"": 65}",234
1545,65,92420,92485,1193971,1194035,A,True,"{""A"": 65}",241
1546,65,92485,92550,173812,173876,B,True,"{""B"": 65}",84
1547,65,92550,92615,88816,88880,B,True,"{""B"": 65}",89
1548,65,92615,92680,24452,24516,B,True,"{""B"": 65}",226
1549,65,92680,92745,1392712,1392776,A,True,"{""A"": 65}",243
1550,65,92745,92810,415610,415674,B,True,"{""B"": 65}",177
1551,65,92810,92875,1139820,1139884,C,True,"{""C"": 65}",321
1552,65,92875,92940,85220,85284,B,True,"{""B"": 65}",332
1553,65,92940,93005,503092,503156,B,True,"{""B"": 65}",296
1554,65,93005,93070,1150043,1150107,C,True,"{""C"": 65}",277
1555,65,93070,93135,108390,108454,B,True,"{""B"": 65}",48
1556,44,93135,93179,582718,582761,B,True,"{""B"": 44}",152
1557,65,93179,93244,1686577,1686641,A,True,"{""A"": 65}",267
1558,65,93244,93309,1776977,1777041,A,True,"{""A"": 65}",116
1559,65,93309,93374,1173775,1173839,C,True,"{""C"": 65}",253
1560,65,93374,93439,1699098,1699162,A,True,"{""A"": 65}",195
1561,39,93439,93478,1677616,1677654,A,True,"{""A"": 39}",211
1562,65,93478,93543,1070578,1070642,C,True,"{""C"": 65}",331
1563,65,93543,93608,1439331,1439395,A,True,"{""A"": 65}",260
1564,65,93608,93673,364140,364204,B,True,"{""B"": 65}",233
1565,65,93673,93738,1690472,1690536,A,True,"{""A"": 65}",253
1566,65,93738,93803,1504117,1504181,A,True,"{""A"": 65}",357
1567,65,93803,93868,1686561,1686625,A,True,"{""A"": 65}",250
1568,65,93868,93933,1745640,1745704,A,True,"{""A"": 65}",218
1569,47,93933,93980,1521719,1521765,A,True,"{""A"": 47}",229
1570,49,93980,94029,293664,293712,B,True,"{""B"": 49}",210
1571,65,94029,94094,1607739,1607803,A,True,"{""A"": 65}",111
1572,65,94094,94159,1695913,1695977,A,True,"{""A"": 65}",172
1573,65,94159,94224,1702745,1702809,A,True,"{""A"": 65}",111
1574,65,94224,94289,1497958,1498022,A,True,"{""A"": 65}",253
1575,65,94289,94354,1499653,1499717,A,True,"{""A"": 65}",231
1576,65,94354,94419,1720577,1720641,A,True,"{""A"": 65}",269
1577,65,94419,94484,1070692,1070756,C,True,"{""C"": 65}",359
1578,39,94484,94523,1026617,1026655,C,True,"{""C"": 39}",195
1579,65,94523,94588,1276655,1276719,A,True,"{""A"": 65}",264
1580,39,94588,94627,82857,82895,B,True,"{""B"": 39}",259
1581,65,94627,94692,1494572,1494636,A,True,"{""A"": 65}",250
1582,49,94692,94741,1659762,1659810,A,True,"{""A"": 49}",75
1583,49,94741,94790,1116567,1116615,C,True,"{""C"": 49}",146
1584,65,94790,94855,354804,354868,B,True,"{""B"": 65}",289
1585,65,94855,94920,1529399,1529463,A,True,"{""A"": 65}",114
1586,65,94920,94985,1617598,1617662,A,True,"{""A"": 65}",238
1587,65,94985,95050,427330,427394,B,True,"{""B"": 65}",363
1588,65,95050,95115,269421,269485,B,True,"{""B"": 65}",273
1589,65,95115,95180,95057,95121,B,True,"{""B"": 65}",180
1590,65,95180,95245,437274,437338,B,True,"{""B"": 65}",270
1591,65,95245,95310,1003887,1003951,C,True,"{""C"": 65}",248
1592,65,95310,95375,1472170,1472234,A,True,"{""A"": 65}",378
1593,65,95375,95440,1781539,1781603,A,True,"{""A"": 65}",187
1594,65,95440,95505,193160,193224,B,True,"{""B"": 65}",241
1595,65,95505,95570,1451917,1451981,A,True,"{""A"": 65}",177
1596,65,95570,95635,1365930,1365994,A,True,"{""A"": 65}",116
1597,39,95635,95674,262752,262790,B,True,"{""B"": 39}",180
1598,65,95674,95739,217194,217258,B,True,"{""B"": 65}",379
1599,65,95739,95804,254527,254591,B,True,"{""B"": 65}",252
1600,65,95804,95869,1776976,1777040,A,True,"{""A"": 65}",238
1601,65,95869,95934,1286825,1286889,A,True,"{""A"": 65}",243
1602,65,95934,95999,1448210,1448274,A,True,"{""A"": 65}",221
1603,48,95999,96047,1332892,1332939,A,True,"{""A"": 48}",249
1604,65,96047,96112,1199432,1199496,A,True,"{""A"": 65}",111
1605,65,96112,96177,220539,220603,B,True,"{""B"": 65}",84
1606,65,96177,96242,165470,165534,B,True,"{""B"": 65}",162
1607,48,96242,96290,437102,437149,B,True,"{""B"": 48}",199
1608,65,96290,96355,350970,351034,B,True,"{""B"": 65}",266
1609,65,96355,96420,177283,177347,B,True,"{""B"": 65}",235
1610,65,96420,96485,1101667,1101731,C,True,"{""C"": 65}",264
1611,65,96485,96550,411306,411370,B,True,"{""B"": 65}",82
1612,65,96550,96615,35289,35353,B,True,"{""B"": 65}",84
1613,38,96615,96653,531321,531358,B,True,"{""B"": 38}",241
1614,48,96653,96701,53348,53395,B,True,"{""B"": 48}",218
1615,49,96701,96750,1123347,1123395,C,True,"{""C"": 49}",81
1616,65,96750,96815,626283,626347,C,True,"{""C"": 65}",48
1617,65,96815,96880,603898,603962,C,True,"{""C"": 65}",267
1618,65,96880,96945,1563740,1563804,A,True,"{""A"": 65}",245
1619,36,96945,96981,854279,854314,C,True,"{""C"": 36}",359
1620,65,96981,97046,170675,170739,B,True,"{""B"": 65}",364
1621,65,97046,97111,791162,791226,C,True,"{""C"": 65}",246
1622,45,97111,97156,56805,56849,B,True,"{""B"": 45}",319
1623,65,97156,97221,326219,326283,B,True,"{""B"": 65}",170
1624,43,97221,97264,525020,525062,B,True,"{""B"": 43}",252
1625,37,97264,97301,1756875,1756911,A,True,"{""A"": 37}",254
1626,47,97301,97348,134758,134804,B,True,"{""B"": 47}",71
1627,65,97348,97413,1432255,1432319,A,True,"{""A"": 65}",268
1628,65,97413,97478,1506175,1506239,A,True,"{""A"": 65}",379
1629,65,97478,97543,48858,48922,B,True,"{""B"": 65}",333
1630,65,97543,97608,721992,722056,C,True,"{""C"": 65}",272
1631,65,97608,97673,167846,167910,B,True,"{""B"": 65}",247
1632,65,97673,97738,1165655,1165719,C,True,"{""C"": 65}",273
1633,65,97738,97803,1271641,1271705,A,True,"{""A"": 65}",246
1634,38,97803,97841,162556,162593,B,True,"{""B"": 38}",357
1635,46,97841,97887,1435714,1435759,A,True,"{""A"": 46}",254
1636,65,97887,97952,269077,269141,B,True,"{""B"": 65}",82
1637,65,97952,98017,400177,400241,B,True,"{""B"": 65}",275
1638,65,98017,98082,141796,141860,B,True,"{""B"": 65}",245
1639,65,98082,98147,1294411,1294475,A,True,"{""A"": 65}",354
1640,65,98147,98212,1662112,1662176,A,True,"{""A"": 65}",150
1641,65,98212,98277,1495208,1495272,A,True,"{""A"": 65}",250
1642,65,98277,98342,1504102,1504166,A,True,"{""A"": 65}",244
1643,65,98342,98407,1006445,1006509,C,True,"{""C"": 65}",244
1644,65,98407,98472,1421570,1421634,A,True,"{""A"": 65}",380
1645,65,98472,98537,611234,611298,C,True,"{""C"": 65}",355
1646,44,98537,98581,1492855,1492898,A,True,"{""A"": 44}",258
1647,65,98581,98646,1397709,1397773,A,True,"{""A"": 65}",236
1648,43,98646,98689,143626,143668,B,True,"{""B"": 43}",350
1649,65,98689,98754,178067,178131,B,True,"{""B"": 65}",268
1650,65,98754,98819,711911,711975,C,True,"{""C"": 65}",258
1651,65,98819,98884,10389,10453,B,True,"{""B"": 65}",355
1652,65,98884,98949,667903,667967,C,True,"{""C"": 65}",271
1653,65,98949,99014,1275272,1275336,A,True,"{""A"": 65}",350
1654,65,99014,99079,711918,711982,C,True,"{""C"": 65}",271
1655,65,99079,99144,1231890,1231954,A,True,"{""A"": 65}",221
1656,65,99144,99209,148225,148289,B,True,"{""B"": 65}",363
1657,65,99209,99274,97866,97930,B,True,"{""B"": 65}",363
1658,65,99274,99339,1464651,1464715,A,True,"{""A"": 65}",363
1659,49,99339,99388,1352728,1352776,A,True,"{""A"": 49}",313
1660,65,99388,99453,1623162,1623226,A,True,"{""A"": 65}",287
1661,65,99453,99518,1232430,1232494,A,True,"{""A"": 65}",27
1662,65,99518,99583,1589982,1590046,A,True,"{""A"": 65}",124
1663,34,99583,99617,306078,306111,B,True,"{""B"": 34}",185
1664,38,99617,99655,809531,809568,C,True,"{""C"": 38}",303
1665,49,99655,99704,521417,521465,B,True,"{""B"": 49}",49
1666,65,99704,99769,1332340,1332404,A,True,"{""A"": 65}",160
1667,65,99769,99834,1418874,1418938,A,True,"{""A"": 65}",203
1668,65,99834,99899,1681113,1681177,A,True,"{""A"": 65}",140
1669,65,99899,99964,356462,356526,B,True,"{""B"": 65}",217
1670,65,99964,100029,1591297,1591361,A,True,"{""A"": 65}",229
1671,46,100029,100075,601602,601647,C,True,"{""C"": 46}",32
1672,35,100075,100110,472661,472695,B,True,"{""B"": 35}",43
1673,65,100110,100175,1599146,1599210,A,True,"{""A"": 65}",39
1674,46,100175,100221,1269933,1269978,A,True,"{""A"": 46}",97
1675,48,100221,100269,497554,497601,B,True,"{""B"": 48}",122
1676,39,100269,100308,470478,470516,B,True,"{""B"": 39}",174
1677,65,100308,100373,1322947,1323011,A,True,"{""A"": 65}",133
1678,65,100373,100438,1120237,1120301,C,True,"{""C"": 65}",85
1679,47,100438,100485,851728,851774,C,True,"{""C"": 47}",57
1680,65,100485,100550,1013348,1013412,C,True,"{""C"": 65}",189
1681,38,100550,100588,215035,215072,B,True,"{""B"": 38}",9
1682,65,100588,100653,1306687,1306751,A,True,"{""A"": 65}",189
1683,65,100653,100718,1648805,1648869,A,True,"{""A"": 65}",59
1684,65,100718,100783,44338,44402,B,True,"{""B"": 65}",2
1685,40,100783,100823,275656,275695,B,True,"{""B"": 40}",15
1686,65,100823,100888,1418710,1418774,A,True,"{""A"": 65}",149
1687,65,100888,100953,1285102,1285166,A,True,"{""A"": 65}",198
1688,45,100953,100998,147670,147714,B,True,"{""B"": 45}",367
1689,65,100998,101063,1263855,1263919,A,True,"{""A"": 65}",282
1690,65,101063,101128,1198773,1198837,A,True,"{""A"": 65}",334
1691,65,101128,101193,355857,355921,B,True,"{""B"": 65}",112
1692,42,101193,101235,573051,573092,B,True,"{""B"": 42}",78
1693,65,101235,101300,1288328,1288392,A,True,"{""A"": 65}",374
1694,46,101300,101346,1512236,1512281,A,True,"{""A"": 46}",323
1695,65,101346,101411,195650,195714,B,True,"{""B"": 65}",139
1696,65,101411,101476,327532,327596,B,True,"{""B"": 65}",97
1697,65,101476,101541,1601244,1601308,A,True,"{""A"": 65}",1
1698,65,101541,101606,534763,534827,B,True,"{""B"": 65}",65
1699,65,101606,101671,91953,92017,B,True,"{""B"": 65}",64
1700,39,101671,101710,1686634,1686672,A,True,"{""A"": 39}",354
1701,49,101710,101759,1482980,1483028,A,True,"{""A"": 49}",8
1702,65,101759,101824,1666767,1666831,A,True,"{""A"": 65}",329
1703,65,101824,101889,92159,92223,B,True,"{""B"": 65}",112
1704,65,101889,101954,1527985,1528049,A,True,"{""A"": 65}",52
1705,35,101954,101989,1576190,1576224,A,True,"{""A"": 35}",75
1706,65,101989,102054,1507251,1507315,A,True,"{""A"": 65}",26
1707,65,102054,102119,849975,850039,C,True,"{""C"": 65}",367
1708,65,102119,102184,1113480,1113544,C,True,"{""C"": 65}",373
1709,38,102184,102222,1204686,1204723,A,True,"{""A"": 38}",65
1710,65,102222,102287,1169992,1170056,C,True,"{""C"": 65}",141
1711,65,102287,102352,829426,829490,C,True,"{""C"": 65}",103
1712,65,102352,102417,134217,134281,B,True,"{""B"": 65}",32
1713,65,102417,102482,1319242,1319306,A,True,"{""A"": 65}",54
1714,65,102482,102547,1682956,1683020,A,True,"{""A"": 65}",29
1715,44,102547,102591,1433306,1433349,A,True,"{""A"": 44}",28
1716,35,102591,102626,1461128,1461162,A,True,"{""A"": 35}",57
1717,65,102626,102691,1551479,1551543,A,True,"{""A"": 65}",55
1718,38,102691,102729,1182623,1182660,C,True,"{""C"": 38}",154
1719,65,102729,102794,881829,881893,C,True,"{""C"": 65}",21
1720,65,102794,102859,464613,464677,B,True,"{""B"": 65}",109
1721,65,102859,102924,675866,675930,C,True,"{""C"": 65}",18
1722,65,102924,102989,1275916,1275980,A,True,"{""A"": 65}",149
1723,65,102989,103054,1065095,1065159,C,True,"{""C"": 65}",352
1724,65,103054,103119,1161289,1161353,C,True,"{""C"": 65}",3
1725,65,103119,103184,1120176,1120240,C,True,"{""C"": 65}",79
1726,65,103184,103249,853437,853501,C,True,"{""C"": 65}",176
1727,49,103249,103298,1383145,1383193,A,True,"{""A"": 49}",175
1728,37,103298,103335,1420112,1420148,A,True,"{""A"": 37}",291
1729,47,103335,103382,268553,268599,B,True,"{""B"": 47}",113
1730,65,103382,103447,432242,432306,B,True,"{""B"": 65}",338
1731,65,103447,103512,1058682,1058746,C,True,"{""C"": 65}",355
1732,65,103512,103577,530919,530983,B,True,"{""B"": 65}",209
1733,65,103577,103642,1728576,1728640,A,True,"{""A"": 65}",33
1734,65,103642,103707,1710326,1710390,A,True,"{""A"": 65}",90
1735,65,103707,103772,705367,705431,C,True,"{""C"": 65}",1
1736,65,103772,103837,1632319,1632383,A,True,"{""A"": 65}",214
1737,65,103837,103902,1703307,1703371,A,True,"{""A"": 65}",17
1738,65,103902,103967,775245,775309,C,True,"{""C"": 65}",160
1739,47,103967,104014,495786,495832,B,True,"{""B"": 47}",128
1740,65,104014,104079,1783828,1783892,A,True,"{""A"": 65}",283
1741,45,104079,104124,65647,65691,B,True,"{""B"": 45}",189
1742,65,104124,104189,1277751,1277815,A,True,"{""A"": 65}",308
1743,65,104189,104254,1492888,1492952,A,True,"{""A"": 65}",302
1744,65,104254,104319,1533949,1534013,A,True,"{""A"": 65}",340
1745,65,104319,104384,1647377,1647441,A,True,"{""A"": 65}",371
1746,65,104384,104449,1371464,1371528,A,True,"{""A"": 65}",142
1747,45,104449,104494,1668460,1668504,A,True,"{""A"": 45}",105
1748,65,104494,104559,181167,181231,B,True,"{""B"": 65}",123
1749,65,104559,104624,528950,529014,B,True,"{""B"": 65}",316
1750,65,104624,104689,794842,794906,C,True,"{""C"": 65}",108
1751,65,104689,104754,530381,530445,B,True,"{""B"": 65}",377
1752,44,104754,104798,1123327,1123370,C,True,"{""C"": 44}",224
1753,65,104798,104863,811288,811352,C,True,"{""C"": 65}",326
1754,65,104863,104928,1680314,1680378,A,True,"{""A"": 65}",189
1755,65,104928,104993,579435,579499,B,True,"{""B"": 65}",166
1756,49,104993,105042,861501,861549,C,True,"{""C"": 49}",127
1757,65,105042,105107,502561,502625,B,True,"{""B"": 65}",83
1758,65,105107,105172,712119,712183,C,True,"{""C"": 65}",381
1759,38,105172,105210,1471055,1471092,A,True,"{""A"": 38}",189
1760,65,105210,105275,132701,132765,B,True,"{""B"": 65}",122
1761,65,105275,105340,1429168,1429232,A,True,"{""A"": 65}",109
1762,65,105340,105405,1207176,1207240,A,True,"{""A"": 65}",89
1763,65,105405,105470,502810,502874,B,True,"{""B"": 65}",97
1764,36,105470,105506,1609421,1609456,A,True,"{""A"": 36}",185
1765,65,105506,105571,290856,290920,B,True,"{""B"": 65}",44
1766,34,105571,105605,1148717,1148750,C,True,"{""C"": 34}",185
1767,65,105605,105670,1500204,1500268,A,True,"{""A"": 65}",310
1768,65,105670,105735,39245,39309,B,True,"{""B"": 65}",161
1769,65,105735,105800,1606797,1606861,A,True,"{""A"": 65}",253
1770,65,105800,105865,1008914,1008978,C,True,"{""C"": 65}",358
1771,65,105865,105930,1173130,1173194,C,True,"{""C"": 65}",39
1772,65,105930,105995,80101,80165,B,True,"{""B"": 65}",67
1773,65,105995,106060,1206035,1206099,A,True,"{""A"": 65}",243
1774,65,106060,106125,6148,6212,B,True,"{""B"": 65}",37
1775,34,106125,106159,545545,545578,B,True,"{""B"": 34}",20
1776,46,106159,106205,1218128,1218173,A,True,"{""A"": 46}",128
1777,38,106205,106243,1270523,1270560,A,True,"{""A"": 38}",58
1778,38,106243,106281,884620,884657,C,True,"{""C"": 38}",160
1779,65,106281,106346,887796,887860,C,True,"{""C"": 65}",124
1780,65,106346,106411,924379,924443,C,True,"{""C"": 65}",37
1781,65,106411,106476,873871,873935,C,True,"{""C"": 65}",216
1782,41,106476,106517,47473,47513,B,True,"{""B"": 41}",365
1783,65,106517,106582,997768,997832,C,True,"{""C"": 65}",292
1784,65,106582,106647,1100779,1100843,C,True,"{""C"": 65}",58
1785,65,106647,106712,937655,937719,C,True,"{""C"": 65}",52
1786,65,106712,106777,538988,539052,B,True,"{""B"": 65}",304
1787,65,106777,106842,1580352,1580416,A,True,"{""A"": 65}",16
1788,35,106842,106877,1092062,1092096,C,True,"{""C"": 35}",297
1789,48,106877,106925,569486,569533,B,True,"{""B"": 48}",175
1790,65,106925,106990,1625964,1626028,A,True,"{""A"": 65}",18
1791,39,106990,107029,1465044,1465082,A,True,"{""A"": 39}",31
1792,39,107029,107068,786487,786525,C,True,"{""C"": 39}",314
1793,43,107068,107111,1064859,1064901,C,True,"{""C"": 43}",28
1794,65,107111,107176,9179,9243,B,True,"{""B"": 65}",208
1795,42,107176,107218,1650180,1650221,A,True,"{""A"": 42}",13
1796,65,107218,107283,501373,501437,B,True,"{""B"": 65}",44
1797,65,107283,107348,670418,670482,C,True,"{""C"": 65}",45
1798,65,107348,107413,1532053,1532117,A,True,"{""A"": 65}",5
1799,65,107413,107478,289222,289286,B,True,"{""B"": 65}",74
1800,65,107478,107543,1763749,1763813,A,True,"{""A"": 65}",123
1801,65,107543,107608,305090,305154,B,True,"{""B"": 65}",191
1802,65,107608,107673,705461,705525,C,True,"{""C"": 65}",262
1803,65,107673,107738,848681,848745,C,True,"{""C"": 65}",341
1804,65,107738,107803,473122,473186,B,True,"{""B"": 65}",92
1805,65,107803,107868,1554216,1554280,A,True,"{""A"": 65}",370
1806,47,107868,107915,505063,505109,B,True,"{""B"": 47}",61
1807,38,107915,107953,532263,532300,B,True,"{""B"": 38}",168
1808,65,107953,108018,342204,342268,B,True,"{""B"": 65}",130
1809,45,108018,108063,193665,193709,B,True,"{""B"": 45}",78
1810,42,108063,108105,887482,887523,C,True,"{""C"": 42}",286
1811,65,108105,108170,1533693,1533757,A,True,"{""A"": 65}",66
1812,65,108170,108235,1563807,1563871,A,True,"{""A"": 65}",173
1813,65,108235,108300,511663,511727,B,True,"{""B"": 65}",231
1814,65,108300,108365,1287142,1287206,A,True,"{""A"": 65}",88
1815,65,108365,108430,1787377,1787441,A,True,"{""A"": 65}",58
1816,65,108430,108495,195140,195204,B,True,"{""B"": 65}",133
1817,65,108495,108560,1239176,1239240,A,True,"{""A"": 65}",77
1818,65,108560,108625,1539372,1539436,A,True,"{""A"": 65}",241
1819,65,108625,108690,1044101,1044165,C,True,"{""C"": 65}",83
1820,65,108690,108755,1271688,1271752,A,True,"{""A"": 65}",67
1821,65,108755,108820,1725057,1725121,A,True,"{""A"": 65}",212
1822,65,108820,108885,1710512,1710576,A,True,"{""A"": 65}",131
1823,65,108885,108950,1436305,1436369,A,True,"{""A"": 65}",124
1824,65,108950,109015,1522628,1522692,A,True,"{""A"": 65}",57
1825,65,109015,109080,1516272,1516336,A,True,"{""A"": 65}",56
1826,65,109080,109145,558191,558255,B,True,"{""B"": 65}",128
1827,65,109145,109210,1053625,1053689,C,True,"{""C"": 65}",262
1828,65,109210,109275,12463,12527,B,True,"{""B"": 65}",304
1829,65,109275,109340,1364960,1365024,A,True,"{""A"": 65}",93
1830,65,109340,109405,578868,578932,B,True,"{""B"": 65}",322
1831,65,109405,109470,382314,382378,B,True,"{""B"": 65}",157
1832,65,109470,109535,1747285,1747349,A,True,"{""A"": 65}",382
1833,65,109535,109600,1546485,1546549,A,True,"{""A"": 65}",372
1834,65,109600,109665,1624037,1624101,A,True,"{""A"": 65}",261
1835,38,109665,109703,462347,462384,B,True,"{""B"": 38}",31
1836,65,109703,109768,1320198,1320262,A,True,"{""A"": 65}",329
1837,65,109768,109833,1507168,1507232,A,True,"{""A"": 65}",0
1838,45,109833,109878,826230,826274,C,True,"{""C"": 45}",369
1839,65,109878,109943,811070,811134,C,True,"{""C"": 65}",376
1840,65,109943,110008,1717988,1718052,A,True,"{""A"": 65}",100
1841,37,110008,110045,667197,667233,C,True,"{""C"": 37}",105
1842,45,110045,110090,371112,371156,B,True,"{""B"": 45}",103
1843,65,110090,110155,1706014,1706078,A,True,"{""A"": 65}",359
1844,65,110155,110220,68342,68406,B,True,"{""B"": 65}",180
1845,47,110220,110267,770605,770651,C,True,"{""C"": 47}",105
1846,65,110267,110332,1006775,1006839,C,True,"{""C"": 65}",195
1847,43,110332,110375,668885,668927,C,True,"{""C"": 43}",161
1848,65,110375,110440,254534,254598,B,True,"{""B"": 65}",242
1849,37,110440,110477,1572940,1572976,A,True,"{""A"": 37}",43
1850,65,110477,110542,1732194,1732258,A,True,"{""A"": 65}",230
1851,65,110542,110607,134798,134862,B,True,"{""B"": 65}",7
1852,65,110607,110672,1552770,1552834,A,True,"{""A"": 65}",351
1853,65,110672,110737,1523982,1524046,A,True,"{""A"": 65}",142
1854,65,110737,110802,788144,788208,C,True,"{""C"": 65}",225
1855,65,110802,110867,218194,218258,B,True,"{""B"": 65}",271
1856,65,110867,110932,783517,783581,C,True,"{""C"": 65}",136
1857,48,110932,110980,150898,150945,B,True,"{""B"": 48}",208
1858,47,110980,111027,348424,348470,B,True,"{""B"": 47}",46
1859,65,111027,111092,650303,650367,C,True,"{""C"": 65}",83
1860,65,111092,111157,1491116,1491180,A,True,"{""A"": 65}",69
1861,65,111157,111222,154498,154562,B,True,"{""B"": 65}",140
1862,65,111222,111287,263745,263809,B,True,"{""B"": 65}",3
1863,65,111287,111352,1609242,1609306,A,True,"{""A"": 65}",136
1864,65,111352,111417,767512,767576,C,True,"{""C"": 65}",383
1865,65,111417,111482,1346765,1346829,A,True,"{""A"": 65}",22
1866,65,111482,111547,927434,927498,C,True,"{""C"": 65}",245
1867,65,111547,111612,1429717,1429781,A,True,"{""A"": 65}",292
1868,65,111612,111677,211645,211709,B,True,"{""B"": 65}",91
1869,41,111677,111718,1514461,1514501,A,True,"{""A"": 41}",145
1870,48,111718,111766,1581586,1581633,A,True,"{""A"": 48}",374
1871,65,111766,111831,1250169,1250233,A,True,"{""A"": 65}",69
1872,65,111831,111896,787543,787607,C,True,"{""C"": 65}",344
1873,65,111896,111961,1605004,1605068,A,True,"{""A"": 65}",29
1874,65,111961,112026,1466564,1466628,A,True,"{""A"": 65}",217
1875,65,112026,112091,748841,748905,C,True,"{""C"": 65}",124
1876,34,112091,112125,1785678,1785711,A,True,"{""A"": 34}",128
1877,65,112125,112190,1295839,1295903,A,True,"{""A"": 65}",112
1878,40,112190,112230,147681,147720,B,True,"{""B"": 40}",35
1879,65,112230,112295,1173847,1173911,C,True,"{""C"": 65}",29
1880,65,112295,112360,3223,3287,B,True,"{""B"": 65}",383
1881,65,112360,112425,1290206,1290270,A,True,"{""A"": 65}",381
1882,65,112425,112490,57736,57800,B,True,"{""B"": 65}",41
1883,65,112490,112555,765183,765247,C,True,"{""C"": 65}",322
1884,37,112555,112592,600347,600383,C,True,"{""C"": 37}",288
1885,65,112592,112657,1595566,1595630,A,True,"{""A"": 65}",315
1886,65,112657,112722,477851,477915,B,True,"{""B"": 65}",292
1887,65,112722,112787,1404399,1404463,A,True,"{""A"": 65}",166
1888,65,112787,112852,1370240,1370304,A,True,"{""A"": 65}",373
1889,34,112852,112886,1347886,1347919,A,True,"{""A"": 34}",61
1890,65,112886,112951,1038135,1038199,C,True,"{""C"": 65}",170
1891,65,112951,113016,1764279,1764343,A,True,"{""A"": 65}",373
1892,49,113016,113065,866964,867012,C,True,"{""C"": 49}",23
1893,65,113065,113130,582137,582201,B,True,"{""B"": 65}",15
1894,65,113130,113195,22200,22264,B,True,"{""B"": 65}",95
1895,37,113195,113232,1129869,1129905,C,True,"{""C"": 37}",90
1896,65,113232,113297,265870,265934,B,True,"{""B"": 65}",374
1897,65,113297,113362,745173,745237,C,True,"{""C"": 65}",326
1898,65,113362,113427,1602272,1602336,A,True,"{""A"": 65}",203
1899,65,113427,113492,1567857,1567921,A,True,"{""A"": 65}",303
1900,65,113492,113557,1010930,1010994,C,True,"{""C"": 65}",313
1901,65,113557,113622,1635591,1635655,A,True,"{""A"": 65}",332
1902,37,113622,113659,1009502,1009538,C,True,"{""C"": 37}",33
1903,38,113659,113697,822729,822766,C,True,"{""C"": 38}",300
1904,37,113697,113734,1331403,1331439,A,True,"{""A"": 37}",129
1905,65,113734,113799,1297262,1297326,A,True,"{""A"": 65}",336
1906,65,113799,113864,930279,930343,C,True,"{""C"": 65}",224
1907,39,113864,113903,784334,784372,C,True,"{""C"": 39}",305
1908,65,113903,113968,1189598,1189662,C,True,"{""C"": 65}",104
1909,34,113968,114002,294637,294670,B,True,"{""B"": 34}",38
1910,65,114002,114067,498490,498554,B,True,"{""B"": 65}",292
1911,42,114067,114109,1685665,1685706,A,True,"{""A"": 42}",300
1912,40,114109,114149,1226939,1226978,A,True,"{""A"": 40}",337
1913,65,114149,114214,1110022,1110086,C,True,"{""C"": 65}",214
1914,43,114214,114257,1328616,1328658,A,True,"{""A"": 43}",127
1915,47,114257,114304,1123328,1123374,C,True,"{""C"": 47}",206
1916,65,114304,114369,371399,371463,B,True,"{""B"": 65}",326
1917,44,114369,114413,1441874,1441917,A,True,"{""A"": 44}",98
1918,65,114413,114478,390737,390801,B,True,"{""B"": 65}",60
1919,65,114478,114543,1185054,1185118,C,True,"{""C"": 65}",209
1920,65,114543,114608,188489,188553,B,True,"{""B"": 65}",149
1921,44,114608,114652,185259,185302,B,True,"{""B"": 44}",169
1922,65,114652,114717,591621,591685,B,True,"{""B"": 65}",375
1923,65,114717,114782,1682220,1682284,A,True,"{""A"": 65}",141
1924,35,114782,114817,1560336,1560370,A,True,"{""A"": 35}",23
1925,65,114817,114882,1493914,1493978,A,True,"{""A"": 65}",193
1926,65,114882,114947,1513278,1513342,A,True,"{""A"": 65}",304
1927,65,114947,115012,542204,542268,B,True,"{""B"": 65}",135
1928,38,115012,115050,1192592,1192629,A,True,"{""A"": 38}",264
1929,65,115050,115115,869620,869684,C,True,"{""C"": 65}",119
1930,65,115115,115180,832737,832801,C,True,"{""C"": 65}",167
1931,34,115180,115214,524843,524876,B,True,"{""B"": 34}",36
1932,65,115214,115279,125295,125359,B,True,"{""B"": 65}",162
1933,65,115279,115344,211500,211564,B,True,"{""B"": 65}",95
1934,34,115344,115378,48128,48161,B,True,"{""B"": 34}",365
1935,65,115378,115443,495955,496019,B,True,"{""B"": 65}",167
1936,36,115443,115479,765077,765112,C,True,"{""C"": 36}",384
1937,35,115479,115514,1157159,1157193,C,True,"{""C"": 35}",41
1938,65,115514,115579,1134830,1134894,C,True,"{""C"": 65}",53
1939,65,115579,115644,129668,129732,B,True,"{""B"": 65}",167
1940,65,115644,115709,1391973,1392037,A,True,"{""A"": 65}",178
1941,65,115709,115774,378826,378890,B,True,"{""B"": 65}",152
1942,65,115774,115839,819242,819306,C,True,"{""C"": 65}",344
1943,65,115839,115904,712305,712369,C,True,"{""C"": 65}",164
1944,41,115904,115945,204703,204743,B,True,"{""B"": 41}",35
1945,65,115945,116010,1155647,1155711,C,True,"{""C"": 65}",202
1946,65,116010,116075,729634,729698,C,True,"{""C"": 65}",166
1947,44,116075,116119,597957,598000,B,True,"{""B"": 44}",46
1948,65,116119,116184,1209244,1209308,A,True,"{""A"": 65}",195
1949,65,116184,116249,40345,40409,B,True,"{""B"": 65}",153
1950,43,116249,116292,1324254,1324296,A,True,"{""A"": 43}",312
1951,65,116292,116357,570808,570872,B,True,"{""B"": 65}",143
1952,65,116357,116422,690978,691042,C,True,"{""C"": 65}",1
1953,65,116422,116487,44712,44776,B,True,"{""B"": 65}",367
1954,65,116487,116552,492730,492794,B,True,"{""B"": 65}",353
1955,65,116552,116617,45852,45916,B,True,"{""B"": 65}",214
1956,65,116617,116682,863432,863496,C,True,"{""C"": 65}",335
1957,48,116682,116730,434919,434966,B,True,"{""B"": 48}",310
1958,65,116730,116795,813244,813308,C,True,"{""C"": 65}",304
1959,65,116795,116860,1042600,1042664,C,True,"{""C"": 65}",1
1960,65,116860,116925,878320,878384,C,True,"{""C"": 65}",40
1961,65,116925,116990,1316918,1316982,A,True,"{""A"": 65}",58
1962,65,116990,117055,38416,38480,B,True,"{""B"": 65}",87
1963,65,117055,117120,122492,122556,B,True,"{""B"": 65}",158
1964,65,117120,117185,337422,337486,B,True,"{""B"": 65}",115
1965,35,117185,117220,1656985,1657019,A,True,"{""A"": 35}",16
1966,42,117220,117262,236936,236977,B,True,"{""B"": 42}",84
1967,41,117262,117303,369430,369470,B,True,"{""B"": 41}",173
1968,65,117303,117368,171320,171384,B,True,"{""B"": 65}",96
1969,65,117368,117433,1265787,1265851,A,True,"{""A"": 65}",248
1970,65,117433,117498,950555,950619,C,True,"{""C"": 65}",196
1971,65,117498,117563,55067,55131,B,True,"{""B"": 65}",215
1972,65,117563,117628,710165,710229,C,True,"{""C"": 65}",164
1973,65,117628,117693,30476,30540,B,True,"{""B"": 65}",84
1974,65,117693,117758,1600464,1600528,A,True,"{""A"": 65}",89
1975,65,117758,117823,594453,594517,B,True,"{""B"": 65}",307
1976,42,117823,117865,130515,130556,B,True,"{""B"": 42}",17
1977,65,117865,117930,1187345,1187409,C,True,"{""C"": 65}",39
1978,65,117930,117995,1165818,1165882,C,True,"{""C"": 65}",357
1979,65,117995,118060,1182134,1182198,C,True,"{""C"": 65}",381
1980,65,118060,118125,1035715,1035779,C,True,"{""C"": 65}",241
1981,65,118125,118190,364759,364823,B,True,"{""B"": 65}",206
1982,65,118190,118255,1511716,1511780,A,True,"{""A"": 65}",12
1983,65,118255,118320,516896,516960,B,True,"{""B"": 65}",154
1984,65,118320,118385,119374,119438,B,True,"{""B"": 65}",79
1985,40,118385,118425,949561,949600,C,True,"{""C"": 40}",31
1986,65,118425,118490,1598279,1598343,A,True,"{""A"": 65}",322
1987,65,118490,118555,1333380,1333444,A,True,"{""A"": 65}",79
1988,65,118555,118620,1177398,1177462,C,True,"{""C"": 65}",307
1989,65,118620,118685,493372,493436,B,True,"{""B"": 65}",35
1990,46,118685,118731,876115,876160,C,True,"{""C"": 46}",41
1991,65,118731,118796,907718,907782,C,True,"{""C"": 65}",343
1992,46,118796,118842,954720,954765,C,True,"{""C"": 46}",16
1993,65,118842,118907,865644,865708,C,True,"{""C"": 65}",337
1994,65,118907,118972,759687,759751,C,True,"{""C"": 65}",182
1995,65,118972,119037,140103,140167,B,True,"{""B"": 65}",207
1996,65,119037,119102,729012,729076,C,True,"{""C"": 65}",136
1997,48,119102,119150,498710,498757,B,True,"{""B"": 48}",216
1998,65,119150,119215,179545,179609,B,True,"{""B"": 65}",51
1999,65,119215,119280,1757062,1757126,A,True,"{""A"": 65}",26
2000,65,119280,119345,54962,55026,B,True,"{""B"": 65}",360
2001,65,119345,119410,767126,767190,C,True,"{""C"": 65}",284
2002,65,119410,119475,66461,66525,B,True,"{""B"": 65}",154
2003,65,119475,119540,1517721,1517785,A,True,"{""A"": 65}",170
2004,65,119540,119605,336616,336680,B,True,"{""B"": 65}",136
2005,65,119605,119670,762958,763022,C,True,"{""C"": 65}",215
2006,65,119670,119735,57441,57505,B,True,"{""B"": 65}",224
2007,65,119735,119800,36089,36153,B,True,"{""B"": 65}",34
2008,65,119800,119865,131883,131947,B,True,"{""B"": 65}",208
2009,65,119865,119930,1742310,1742374,A,True,"{""A"": 65}",33
2010,65,119930,119995,667908,667972,C,True,"{""C"": 65}",42
2011,65,119995,120060,1258187,1258251,A,True,"{""A"": 65}",48
2012,65,120060,120125,176684,176748,B,True,"{""B"": 65}",368
2013,40,120125,120165,173904,173943,B,True,"{""B"": 40}",367
2014,65,120165,120230,931983,932047,C,True,"{""C"": 65}",117
2015,65,120230,120295,796497,796561,C,True,"{""C"": 65}",96
2016,65,120295,120360,1583836,1583900,A,True,"{""A"": 65}",309
2017,65,120360,120425,1495181,1495245,A,True,"{""A"": 65}",250
2018,65,120425,120490,1011166,1011230,C,True,"{""C"": 65}",336
2019,65,120490,120555,369375,369439,B,True,"{""B"": 65}",203
2020,65,120555,120620,758321,758385,C,True,"{""C"": 65}",117
2021,40,120620,120660,433749,433788,B,True,"{""B"": 40}",310
2022,65,120660,120725,1786701,1786765,A,True,"{""A"": 65}",85
2023,65,120725,120790,1681486,1681550,A,True,"{""A"": 65}",161
2024,42,120790,120832,1681830,1681871,A,True,"{""A"": 42}",14
2025,40,120832,120872,1102228,1102267,C,True,"{""C"": 40}",40
2026,65,120872,120937,1789838,1789902,A,True,"{""A"": 65}",33
2027,65,120937,121002,240717,240781,B,True,"{""B"": 65}",165
2028,43,121002,121045,1035643,1035685,C,True,"{""C"": 43}",159
2029,65,121045,121110,1369254,1369318,A,True,"{""A"": 65}",138
2030,65,121110,121175,1226108,1226172,A,True,"{""A"": 65}",226
2031,65,121175,121240,1046067,1046131,C,True,"{""C"": 65}",238
2032,45,121240,121285,454955,454999,B,True,"{""B"": 45}",190
2033,65,121285,121350,1433073,1433137,A,True,"{""A"": 65}",156
2034,65,121350,121415,962839,962903,C,True,"{""C"": 65}",192
2035,65,121415,121480,1340755,1340819,A,True,"{""A"": 65}",341
2036,65,121480,121545,1681934,1681998,A,True,"{""A"": 65}",123
2037,65,121545,121610,1222062,1222126,A,True,"{""A"": 65}",34
2038,65,121610,121675,550609,550673,B,True,"{""B"": 65}",211
2039,65,121675,121740,331305,331369,B,True,"{""B"": 65}",185
2040,65,121740,121805,862031,862095,C,True,"{""C"": 65}",344
2041,65,121805,121870,865530,865594,C,True,"{""C"": 65}",40
2042,65,121870,121935,1005801,1005865,C,True,"{""C"": 65}",219
2043,36,121935,121971,725815,725850,C,True,"{""C"": 36}",323
2044,65,121971,122036,1088810,1088874,C,True,"{""C"": 65}",174
2045,65,122036,122101,904977,905041,C,True,"{""C"": 65}",73
2046,65,122101,122166,1710274,1710338,A,True,"{""A"": 65}",188
2047,65,122166,122231,208847,208911,B,True,"{""B"": 65}",212
2048,65,122231,122296,280514,280578,B,True,"{""B"": 65}",109
2049,65,122296,122361,1105512,1105576,C,True,"{""C"": 65}",54
2050,65,122361,122426,419982,420046,B,True,"{""B"": 65}",39
2051,65,122426,122491,738106,738170,C,True,"{""C"": 65}",117
2052,65,122491,122556,1603960,1604024,A,True,"{""A"": 65}",62
2053,65,122556,122621,1424625,1424689,A,True,"{""A"": 65}",98
2054,65,122621,122686,692420,692484,C,True,"{""C"": 65}",256
2055,44,122686,122730,1624030,1624073,A,True,"{""A"": 44}",231
2056,36,122730,122766,1179303,1179338,C,True,"{""C"": 36}",273
2057,65,122766,122831,1749361,1749425,A,True,"{""A"": 65}",315
2058,37,122831,122868,1015269,1015305,C,True,"{""C"": 37}",277
2059,65,122868,122933,1793064,1793128,A,True,"{""A"": 65}",368
2060,65,122933,122998,348032,348096,B,True,"{""B"": 65}",209
2061,65,122998,123063,1580057,1580121,A,True,"{""A"": 65}",344
2062,65,123063,123128,1341321,1341385,A,True,"{""A"": 65}",221
2063,65,123128,123193,818988,819052,C,True,"{""C"": 65}",377
2064,65,123193,123258,188893,188957,B,True,"{""B"": 65}",244
2065,47,123258,123305,937515,937561,C,True,"{""C"": 47}",100
2066,65,123305,123370,501271,501335,B,True,"{""B"": 65}",102
2067,65,123370,123435,1716473,1716537,A,True,"{""A"": 65}",209
2068,47,123435,123482,1376262,1376308,A,True,"{""A"": 47}",72
2069,65,123482,123547,917763,917827,C,True,"{""C"": 65}",154
2070,34,123547,123581,739192,739225,C,True,"{""C"": 34}",193
2071,65,123581,123646,929652,929716,C,True,"{""C"": 65}",354
2072,65,123646,123711,172236,172300,B,True,"{""B"": 65}",188
2073,65,123711,123776,272102,272166,B,True,"{""B"": 65}",84
2074,65,123776,123841,849350,849414,C,True,"{""C"": 65}",151
2075,65,123841,123906,1732106,1732170,A,True,"{""A"": 65}",216
2076,65,123906,123971,342203,342267,B,True,"{""B"": 65}",344
2077,65,123971,124036,498110,498174,B,True,"{""B"": 65}",248
2078,48,124036,124084,1576453,1576500,A,True,"{""A"": 48}",342
2079,48,124084,124132,1486994,1487041,A,True,"{""A"": 48}",224
2080,35,124132,124167,1401485,1401519,A,True,"{""A"": 35}",319
2081,65,124167,124232,1151794,1151858,C,True,"{""C"": 65}",355
2082,37,124232,124269,562674,562710,B,True,"{""B"": 37}",202
2083,65,124269,124334,1320567,1320631,A,True,"{""A"": 65}",27
2084,65,124334,124399,1001768,1001832,C,True,"{""C"": 65}",228
2085,65,124399,124464,1071270,1071334,C,True,"{""C"": 65}",349
2086,65,124464,124529,999242,999306,C,True,"{""C"": 65}",277
2087,65,124529,124594,596010,596074,B,True,"{""B"": 65}",194
2088,35,124594,124629,181362,181396,B,True,"{""B"": 35}",253
2089,65,124629,124694,58033,58097,B,True,"{""B"": 65}",177
2090,65,124694,124759,1412207,1412271,A,True,"{""A"": 65}",351
2091,65,124759,124824,1166325,1166389,C,True,"{""C"": 65}",245
2092,38,124824,124862,1452241,1452278,A,True,"{""A"": 38}",180
2093,65,124862,124927,338035,338099,B,True,"{""B"": 65}",19
2094,38,124927,124965,1163119,1163156,C,True,"{""C"": 38}",110
2095,65,124965,125030,597044,597108,B,True,"{""B"": 65}",261
2096,65,125030,125095,1617592,1617656,A,True,"{""A"": 65}",116
2097,65,125095,125160,784216,784280,C,True,"{""C"": 65}",368
2098,65,125160,125225,238672,238736,B,True,"{""B"": 65}",180
2099,65,125225,125290,544806,544870,B,True,"{""B"": 65}",178
2100,65,125290,125355,1130360,1130424,C,True,"{""C"": 65}",239
2101,65,125355,125420,1701778,1701842,A,True,"{""A"": 65}",211
2102,43,125420,125463,1023222,1023264,C,True,"{""C"": 43}",181
2103,65,125463,125528,1300886,1300950,A,True,"{""A"": 65}",349
2104,65,125528,125593,1495007,1495071,A,True,"{""A"": 65}",269
2105,65,125593,125658,867579,867643,C,True,"{""C"": 65}",253
2106,65,125658,125723,1661866,1661930,A,True,"{""A"": 65}",246
2107,65,125723,125788,913700,913764,C,True,"{""C"": 65}",199
2108,65,125788,125853,411231,411295,B,True,"{""B"": 65}",267
2109,65,125853,125918,840924,840988,C,True,"{""C"": 65}",229
2110,37,125918,125955,262718,262754,B,True,"{""B"": 37}",211
2111,65,125955,126020,1148037,1148101,C,True,"{""C"": 65}",205
2112,43,126020,126063,1441830,1441872,A,True,"{""A"": 43}",152
2113,65,126063,126128,400529,400593,B,True,"{""B"": 65}",81
2114,65,126128,126193,1202333,1202397,A,True,"{""A"": 65}",257
2115,65,126193,126258,1414616,1414680,A,True,"{""A"": 65}",232
2116,65,126258,126323,1070499,1070563,C,True,"{""C"": 65}",177
2117,65,126323,126388,1367955,1368019,A,True,"{""A"": 65}",239
2118,65,126388,126453,163356,163420,B,True,"{""B"": 65}",170
2119,65,126453,126518,20084,20148,B,True,"{""B"": 65}",354
2120,65,126518,126583,124762,124826,B,True,"{""B"": 65}",355
2121,65,126583,126648,1449756,1449820,A,True,"{""A"": 65}",229
2122,65,126648,126713,924579,924643,C,True,"{""C"": 65}",279
2123,65,126713,126778,49766,49830,B,True,"{""B"": 65}",279
2124,65,126778,126843,470030,470094,B,True,"{""B"": 65}",220
2125,65,126843,126908,1735371,1735435,A,True,"{""A"": 65}",289
2126,65,126908,126973,152822,152886,B,True,"{""B"": 65}",262
2127,65,126973,127038,1741533,1741597,A,True,"{""A"": 65}",76
2128,65,127038,127103,1300888,1300952,A,True,"{""A"": 65}",358
2129,65,127103,127168,744008,744072,C,True,"{""C"": 65}",84
2130,65,127168,127233,1084500,1084564,C,True,"{""C"": 65}",256
2131,65,127233,127298,393052,393116,B,True,"{""B"": 65}",232
2132,65,127298,127363,1759628,1759692,A,True,"{""A"": 65}",98
2133,65,127363,127428,961469,961533,C,True,"{""C"": 65}",146
2134,65,127428,127493,486084,486148,B,True,"{""B"": 65}",232
2135,65,127493,127558,684240,684304,C,True,"{""C"": 65}",270
2136,65,127558,127623,1193975,1194039,A,True,"{""A"": 65}",262
2137,65,127623,127688,1649059,1649123,A,True,"{""A"": 65}",368
2138,65,127688,127753,1423792,1423856,A,True,"{""A"": 65}",238
2139,65,127753,127818,217207,217271,B,True,"{""B"": 65}",187
2140,65,127818,127883,1038620,1038684,C,True,"{""C"": 65}",380
2141,65,127883,127948,1557712,1557776,A,True,"{""A"": 65}",359
2142,65,127948,128013,155512,155576,B,True,"{""B"": 65}",116
2143,65,128013,128078,511661,511725,B,True,"{""B"": 65}",169
2144,65,128078,128143,199526,199590,B,True,"{""B"": 65}",378
2145,65,128143,128208,1738615,1738679,A,True,"{""A"": 65}",379
2146,65,128208,128273,578806,578870,B,True,"{""B"": 65}",232
2147,65,128273,128338,323399,323463,B,True,"{""B"": 65}",319
2148,65,128338,128403,88294,88358,B,True,"{""B"": 65}",220
2149,65,128403,128468,1762869,1762933,A,True,"{""A"": 65}",354
2150,65,128468,128533,1348601,1348665,A,True,"{""A"": 65}",264
2151,65,128533,128598,589628,589692,B,True,"{""B"": 65}",257
2152,65,128598,128663,1531288,1531352,A,True,"{""A"": 65}",99
2153,65,128663,128728,1031733,1031797,C,True,"{""C"": 65}",256
2154,65,128728,128793,470357,470421,B,True,"{""B"": 65}",242
2155,65,128793,128858,1547477,1547541,A,True,"{""A"": 65}",257
2156,65,128858,128923,791156,791220,C,True,"{""C"": 65}",197
2157,34,128923,128957,1141240,1141273,C,True,"{""C"": 34}",359
2158,65,128957,129022,1525018,1525082,A,True,"{""A"": 65}",201
2159,65,129022,129087,1552765,1552829,A,True,"{""A"": 65}",217
2160,65,129087,129152,1701913,1701977,A,True,"{""A"": 65}",110
2161,65,129152,129217,424678,424742,B,True,"{""B"": 65}",275
2162,65,129217,129282,959617,959681,C,True,"{""C"": 65}",379
2163,65,129282,129347,912068,912132,C,True,"{""C"": 65}",220
2164,65,129347,129412,1161948,1162012,C,True,"{""C"": 65}",262
2165,65,129412,129477,1448268,1448332,A,True,"{""A"": 65}",111
2166,47,129477,129524,1640270,1640316,A,True,"{""A"": 47}",227
2167,65,129524,129589,147769,147833,B,True,"{""B"": 65}",111
2168,65,129589,129654,1035709,1035773,C,True,"{""C"": 65}",359
2169,65,129654,129719,1135875,1135939,C,True,"{""C"": 65}",378
2170,65,129719,129784,312336,312400,B,True,"{""B"": 65}",201
2171,65,129784,129849,1669169,1669233,A,True,"{""A"": 65}",315
2172,65,129849,129914,762419,762483,C,True,"{""C"": 65}",271
2173,65,129914,129979,241640,241704,B,True,"{""B"": 65}",204
2174,65,129979,130044,194492,194556,B,True,"{""B"": 65}",82
2175,45,130044,130089,1269363,1269407,A,True,"{""A"": 45}",273
2176,65,130089,130154,31405,31469,B,True,"{""B"": 65}",162
2177,65,130154,130219,411393,411457,B,True,"{""B"": 65}",269
2178,65,130219,130284,1381881,1381945,A,True,"{""A"": 65}",271
2179,65,130284,130349,1623481,1623545,A,True,"{""A"": 65}",273
2180,65,130349,130414,93853,93917,B,True,"{""B"": 65}",333
2181,65,130414,130479,1704278,1704342,A,True,"{""A"": 65}",378
2182,45,130479,130524,1152130,1152174,C,True,"{""C"": 45}",247
2183,65,130524,130589,741268,741332,C,True,"{""C"": 65}",275
2184,44,130589,130633,272446,272489,B,True,"{""B"": 44}",187
2185,65,130633,130698,271786,271850,B,True,"{""B"": 65}",269
2186,65,130698,130763,1645887,1645951,A,True,"{""A"": 65}",259
2187,65,130763,130828,340449,340513,B,True,"{""B"": 65}",269
2188,42,130828,130870,1686369,1686410,A,True,"{""A"": 42}",181
2189,65,130870,130935,1330944,1331008,A,True,"{""A"": 65}",218
2190,65,130935,131000,1231372,1231436,A,True,"{""A"": 65}",380
2191,65,131000,131065,136052,136116,B,True,"{""B"": 65}",263
2192,65,131065,131130,1198776,1198840,A,True,"{""A"": 65}",71
2193,65,131130,131195,253019,253083,B,True,"{""B"": 65}",355
2194,65,131195,131260,1231287,1231351,A,True,"{""A"": 65}",350
2195,65,131260,131325,944468,944532,C,True,"{""C"": 65}",380
2196,65,131325,131390,218200,218264,B,True,"{""B"": 65}",380
2197,65,131390,131455,682091,682155,C,True,"{""C"": 65}",350
2198,65,131455,131520,40641,40705,B,True,"{""B"": 65}",274
2199,65,131520,131585,1231380,1231444,A,True,"{""A"": 65}",271
2200,65,131585,131650,52205,52269,B,True,"{""B"": 65}",363
2201,65,131650,131715,1116811,1116875,C,True,"{""C"": 65}",236
2202,49,131715,131764,693882,693930,C,True,"{""C"": 49}",263
2203,65,131764,131829,611126,611190,C,True,"{""C"": 65}",236
2204,65,131829,131894,229564,229628,B,True,"{""B"": 65}",363
2205,65,131894,131959,1297871,1297935,A,True,"{""A"": 65}",350
2206,65,131959,132024,476527,476591,B,True,"{""B"": 65}",263
2207,65,132024,132089,682081,682145,C,True,"{""C"": 65}",236
2208,65,132089,132154,165319,165383,B,True,"{""B"": 65}",355
2209,65,132154,132219,52210,52274,B,True,"{""B"": 65}",355
2210,65,132219,132284,1247801,1247865,A,True,"{""A"": 65}",274
2211,65,132284,132349,899285,899349,C,True,"{""C"": 65}",278
2212,65,132349,132414,1421568,1421632,A,True,"{""A"": 65}",268
2213,65,132414,132479,1754538,1754602,A,True,"{""A"": 65}",72
2214,65,132479,132544,370485,370549,B,True,"{""B"": 65}",108
2215,65,132544,132609,113471,113535,B,True,"{""B"": 65}",112
2216,65,132609,132674,1677561,1677625,A,True,"{""A"": 65}",73
2217,40,132674,132714,693897,693936,C,True,"{""C"": 40}",2
2218,41,132714,132755,985074,985114,C,True,"{""C"": 41}",169
2219,65,132755,132820,1601085,1601149,A,True,"{""A"": 65}",165
2220,65,132820,132885,1484228,1484292,A,True,"{""A"": 65}",281
2221,65,132885,132950,1424811,1424875,A,True,"{""A"": 65}",10
2222,65,132950,133015,259726,259790,B,True,"{""B"": 65}",256
2223,65,133015,133080,325432,325496,B,True,"{""B"": 65}",186
2224,40,133080,133120,872539,872578,C,True,"{""C"": 40}",103
2225,65,133120,133185,821105,821169,C,True,"{""C"": 65}",332
2226,38,133185,133223,499288,499325,B,True,"{""B"": 38}",158
2227,65,133223,133288,80405,80469,B,True,"{""B"": 65}",29
2228,65,133288,133353,1074002,1074066,C,True,"{""C"": 65}",36
2229,65,133353,133418,1636205,1636269,A,True,"{""A"": 65}",213
2230,34,133418,133452,1563297,1563330,A,True,"{""A"": 34}",186
2231,65,133452,133517,1791581,1791645,A,True,"{""A"": 65}",281
2232,35,133517,133552,276704,276738,B,True,"{""B"": 35}",295
2233,65,133552,133617,1146297,1146361,C,True,"{""C"": 65}",382
2234,37,133617,133654,652461,652497,C,True,"{""C"": 37}",280
2235,44,133654,133698,791638,791681,C,True,"{""C"": 44}",295
2236,49,133698,133747,691230,691278,C,True,"{""C"": 49}",375
2237,65,133747,133812,116936,117000,B,True,"{""B"": 65}",162
2238,65,133812,133877,1039784,1039848,C,True,"{""C"": 65}",283
2239,65,133877,133942,1697609,1697673,A,True,"{""A"": 65}",154
2240,43,133942,133985,1522299,1522341,A,True,"{""A"": 43}",40
2241,65,133985,134050,830175,830239,C,True,"{""C"": 65}",122
2242,46,134050,134096,50665,50710,B,True,"{""B"": 46}",110
2243,65,134096,134161,1339756,1339820,A,True,"{""A"": 65}",210
2244,65,134161,134226,1172200,1172264,C,True,"{""C"": 65}",37
2245,65,134226,134291,847012,847076,C,True,"{""C"": 65}",213
2246,39,134291,134330,1701835,1701873,A,True,"{""A"": 39}",180
2247,65,134330,134395,1239948,1240012,A,True,"{""A"": 65}",237
2248,65,134395,134460,1662976,1663040,A,True,"{""A"": 65}",329
2249,65,134460,134525,1129416,1129480,C,True,"{""C"": 65}",153
2250,65,134525,134590,918667,918731,C,True,"{""C"": 65}",224
2251,65,134590,134655,755287,755351,C,True,"{""C"": 65}",77
2252,65,134655,134720,1234882,1234946,A,True,"{""A"": 65}",112
2253,65,134720,134785,370005,370069,B,True,"{""B"": 65}",22
2254,65,134785,134850,1432184,1432248,A,True,"{""A"": 65}",27
2255,48,134850,134898,782929,782976,C,True,"{""C"": 48}",341
2256,65,134898,134963,627953,628017,C,True,"{""C"": 65}",288
2257,65,134963,135028,919777,919841,C,True,"{""C"": 65}",307
2258,65,135028,135093,878406,878470,C,True,"{""C"": 65}",304
2259,65,135093,135158,1528352,1528416,A,True,"{""A"": 65}",67
2260,47,135158,135205,1159154,1159200,C,True,"{""C"": 47}",35
2261,65,135205,135270,629670,629734,C,True,"{""C"": 65}",90
2262,65,135270,135335,1218784,1218848,A,True,"{""A"": 65}",94
2263,65,135335,135400,310861,310925,B,True,"{""B"": 65}",67
2264,65,135400,135465,1255360,1255424,A,True,"{""A"": 65}",173
2265,65,135465,135530,1543042,1543106,A,True,"{""A"": 65}",245
2266,65,135530,135595,609450,609514,C,True,"{""C"": 65}",113
2267,65,135595,135660,1474916,1474980,A,True,"{""A"": 65}",304
2268,65,135660,135725,1123255,1123319,C,True,"{""C"": 65}",282
2269,65,135725,135790,1384562,1384626,A,True,"{""A"": 65}",64
2270,65,135790,135855,926225,926289,C,True,"{""C"": 65}",55
2271,47,135855,135902,1433770,1433816,A,True,"{""A"": 47}",132
2272,37,135902,135939,905002,905038,C,True,"{""C"": 37}",249
2273,65,135939,136004,1446964,1447028,A,True,"{""A"": 65}",196
2274,46,136004,136050,1371339,1371384,A,True,"{""A"": 46}",124
2275,65,136050,136115,544600,544664,B,True,"{""B"": 65}",188
2276,65,136115,136180,1611193,1611257,A,True,"{""A"": 65}",370
2277,65,136180,136245,893211,893275,C,True,"{""C"": 65}",329
2278,65,136245,136310,1712150,1712214,A,True,"{""A"": 65}",189
2279,42,136310,136352,1556249,1556290,A,True,"{""A"": 42}",109
2280,65,136352,136417,1714086,1714150,A,True,"{""A"": 65}",374
2281,65,136417,136482,424427,424491,B,True,"{""B"": 65}",4
2282,65,136482,136547,1441349,1441413,A,True,"{""A"": 65}",282
2283,65,136547,136612,408539,408603,B,True,"{""B"": 65}",9
2284,65,136612,136677,1343514,1343578,A,True,"{""A"": 65}",30
2285,65,136677,136742,1656526,1656590,A,True,"{""A"": 65}",281
2286,65,136742,136807,614037,614101,C,True,"{""C"": 65}",312
2287,65,136807,136872,624010,624074,C,True,"{""C"": 65}",108
2288,38,136872,136910,168376,168413,B,True,"{""B"": 38}",132
2289,65,136910,136975,1541902,1541966,A,True,"{""A"": 65}",26
2290,65,136975,137040,264947,265011,B,True,"{""B"": 65}",7
2291,65,137040,137105,479240,479304,B,True,"{""B"": 65}",55
2292,65,137105,137170,1634531,1634595,A,True,"{""A"": 65}",191
2293,65,137170,137235,832915,832979,C,True,"{""C"": 65}",102
2294,65,137235,137300,896882,896946,C,True,"{""C"": 65}",93
2295,65,137300,137365,1580678,1580742,A,True,"{""A"": 65}",336
2296,65,137365,137430,1439188,1439252,A,True,"{""A"": 65}",83
2297,36,137430,137466,1527555,1527590,A,True,"{""A"": 36}",286
2298,65,137466,137531,183615,183679,B,True,"{""B"": 65}",133
2299,65,137531,137596,210627,210691,B,True,"{""B"": 65}",46
2300,65,137596,137661,1207393,1207457,A,True,"{""A"": 65}",281
2301,65,137661,137726,1144305,1144369,C,True,"{""C"": 65}",139
2302,65,137726,137791,1490780,1490844,A,True,"{""A"": 65}",213
2303,65,137791,137856,1622871,1622935,A,True,"{""A"": 65}",285
2304,45,137856,137901,462491,462535,B,True,"{""B"": 45}",91
2305,39,137901,137940,1507867,1507905,A,True,"{""A"": 39}",90
2306,65,137940,138005,1008372,1008436,C,True,"{""C"": 65}",206
2307,65,138005,138070,1295626,1295690,A,True,"{""A"": 65}",281
2308,65,138070,138135,1274051,1274115,A,True,"{""A"": 65}",125
2309,44,138135,138179,928074,928117,C,True,"{""C"": 44}",78
2310,37,138179,138216,291695,291731,B,True,"{""B"": 37}",65
2311,36,138216,138252,1682525,1682560,A,True,"{""A"": 36}",288
2312,65,138252,138317,462279,462343,B,True,"{""B"": 65}",106
2313,34,138317,138351,1514387,1514420,A,True,"{""A"": 34}",323
2314,35,138351,138386,689601,689635,C,True,"{""C"": 35}",159
2315,34,138386,138420,1392830,1392863,A,True,"{""A"": 34}",35
2316,65,138420,138485,296175,296239,B,True,"{""B"": 65}",287
2317,65,138485,138550,1128478,1128542,C,True,"{""C"": 65}",128
2318,65,138550,138615,1584820,1584884,A,True,"{""A"": 65}",14
2319,65,138615,138680,861022,861086,C,True,"{""C"": 65}",382
2320,65,138680,138745,575954,576018,B,True,"{""B"": 65}",61
2321,65,138745,138810,1400298,1400362,A,True,"{""A"": 65}",142
2322,36,138810,138846,1302085,1302120,A,True,"{""A"": 36}",186
2323,38,138846,138884,347190,347227,B,True,"{""B"": 38}",128
2324,65,138884,138949,12275,12339,B,True,"{""B"": 65}",335
2325,65,138949,139014,51994,52058,B,True,"{""B"": 65}",59
2326,46,139014,139060,526065,526110,B,True,"{""B"": 46}",301
2327,65,139060,139125,1475407,1475471,A,True,"{""A"": 65}",83
2328,65,139125,139190,1346686,1346750,A,True,"{""A"": 65}",86
2329,44,139190,139234,820487,820530,C,True,"{""C"": 44}",209
2330,38,139234,139272,814365,814402,C,True,"{""C"": 38}",147
2331,65,139272,139337,1698477,1698541,A,True,"{""A"": 65}",79
2332,65,139337,139402,998567,998631,C,True,"{""C"": 65}",162
2333,65,139402,139467,1691491,1691555,A,True,"{""A"": 65}",29
2334,65,139467,139532,1245623,1245687,A,True,"{""A"": 65}",116
2335,65,139532,139597,1431018,1431082,A,True,"{""A"": 65}",87
2336,35,139597,139632,451810,451844,B,True,"{""B"": 35}",65
2337,34,139632,139666,163272,163305,B,True,"{""B"": 34}",123
2338,49,139666,139715,236258,236306,B,True,"{""B"": 49}",49
2339,65,139715,139780,1347464,1347528,A,True,"{""A"": 65}",369
2340,65,139780,139845,286742,286806,B,True,"{""B"": 65}",27
2341,65,139845,139910,1617482,1617546,A,True,"{""A"": 65}",157
2342,65,139910,139975,584129,584193,B,True,"{""B"": 65}",326
2343,65,139975,140040,273083,273147,B,True,"{""B"": 65}",48
2344,65,140040,140105,1387296,1387360,A,True,"{""A"": 65}",308
2345,44,140105,140149,276572,276615,B,True,"{""B"": 44}",65
2346,65,140149,140214,929739,929803,C,True,"{""C"": 65}",254
2347,65,140214,140279,572203,572267,B,True,"{""B"": 65}",214
2348,41,140279,140320,1681739,1681779,A,True,"{""A"": 41}",31
2349,65,140320,140385,1738292,1738356,A,True,"{""A"": 65}",136
2350,65,140385,140450,225901,225965,B,True,"{""B"": 65}",40
2351,65,140450,140515,69099,69163,B,True,"{""B"": 65}",112
2352,65,140515,140580,31849,31913,B,True,"{""B"": 65}",342
2353,65,140580,140645,1012407,1012471,C,True,"{""C"": 65}",347
2354,65,140645,140710,583360,583424,B,True,"{""B"": 65}",62
2355,65,140710,140775,1069376,1069440,C,True,"{""C"": 65}",280
2356,65,140775,140840,396858,396922,B,True,"{""B"": 65}",298
2357,65,140840,140905,1268457,1268521,A,True,"{""A"": 65}",117
2358,65,140905,140970,974522,974586,C,True,"{""C"": 65}",344
2359,65,140970,141035,144080,144144,B,True,"{""B"": 65}",308
2360,34,141035,141069,1037118,1037151,C,True,"{""C"": 34}",148
2361,65,141069,141134,472275,472339,B,True,"{""B"": 65}",143
2362,65,141134,141199,731949,732013,C,True,"{""C"": 65}",9
2363,65,141199,141264,1071424,1071488,C,True,"{""C"": 65}",385
2364,65,141264,141329,1750605,1750669,A,True,"{""A"": 65}",0
2365,65,141329,141394,603437,603501,C,True,"{""C"": 65}",100
2366,65,141394,141459,18357,18421,B,True,"{""B"": 65}",206
2367,65,141459,141524,208352,208416,B,True,"{""B"": 65}",371
2368,65,141524,141589,238873,238937,B,True,"{""B"": 65}",165
2369,65,141589,141654,477516,477580,B,True,"{""B"": 65}",6
2370,65,141654,141719,102633,102697,B,True,"{""B"": 65}",190
2371,34,141719,141753,1581195,1581228,A,True,"{""A"": 34}",164
2372,65,141753,141818,395684,395748,B,True,"{""B"": 65}",312
2373,38,141818,141856,1035908,1035945,C,True,"{""C"": 38}",190
2374,65,141856,141921,1045532,1045596,C,True,"{""C"": 65}",312
2375,65,141921,141986,1450013,1450077,A,True,"{""A"": 65}",62
2376,65,141986,142051,36707,36771,B,True,"{""B"": 65}",53
2377,65,142051,142116,1489469,1489533,A,True,"{""A"": 65}",345
2378,65,142116,142181,1404532,1404596,A,True,"{""A"": 65}",108
2379,65,142181,142246,730638,730702,C,True,"{""C"": 65}",121
2380,65,142246,142311,191625,191689,B,True,"{""B"": 65}",285
2381,65,142311,142376,975116,975180,C,True,"{""C"": 65}",140
2382,38,142376,142414,1407719,1407756,A,True,"{""A"": 38}",171
2383,65,142414,142479,11361,11425,B,True,"{""B"": 65}",73
2384,65,142479,142544,1106194,1106258,C,True,"{""C"": 65}",316
2385,65,142544,142609,43929,43993,B,True,"{""B"": 65}",301
2386,40,142609,142649,1369531,1369570,A,True,"{""A"": 40}",203
2387,65,142649,142714,986204,986268,C,True,"{""C"": 65}",108
2388,34,142714,142748,962344,962377,C,True,"{""C"": 34}",186
2389,65,142748,142813,65812,65876,B,True,"{""B"": 65}",202
2390,65,142813,142878,381380,381444,B,True,"{""B"": 65}",10
2391,65,142878,142943,121961,122025,B,True,"{""B"": 65}",320
2392,65,142943,143008,856776,856840,C,True,"{""C"": 65}",109
2393,65,143008,143073,722495,722559,C,True,"{""C"": 65}",370
2394,65,143073,143138,1064215,1064279,C,True,"{""C"": 65}",57
2395,65,143138,143203,200158,200222,B,True,"{""B"": 65}",314
2396,65,143203,143268,1059247,1059311,C,True,"{""C"": 65}",176
2397,65,143268,143333,1530799,1530863,A,True,"{""A"": 65}",232
2398,65,143333,143398,308406,308470,B,True,"{""B"": 65}",181
2399,65,143398,143463,1764169,1764233,A,True,"{""A"": 65}",292
2400,65,143463,143528,1784940,1785004,A,True,"{""A"": 65}",74
2401,65,143528,143593,377645,377709,B,True,"{""B"": 65}",46
2402,65,143593,143658,1038143,1038207,C,True,"{""C"": 65}",181
2403,65,143658,143723,1288394,1288458,A,True,"{""A"": 65}",282
2404,65,143723,143788,510782,510846,B,True,"{""B"": 65}",327
2405,65,143788,143853,174712,174776,B,True,"{""B"": 65}",234
2406,49,143853,143902,1014677,1014725,C,True,"{""C"": 49}",286
2407,44,143902,143946,189425,189468,B,True,"{""B"": 44}",300
2408,36,143946,143982,694233,694268,C,True,"{""C"": 36}",309
2409,65,143982,144047,778627,778691,C,True,"{""C"": 65}",307
2410,65,144047,144112,404859,404923,B,True,"{""B"": 65}",142
2411,65,144112,144177,1590851,1590915,A,True,"{""A"": 65}",322
2412,65,144177,144242,706039,706103,C,True,"{""C"": 65}",282
2413,65,144242,144307,332983,333047,B,True,"{""B"": 65}",164
2414,42,144307,144349,622191,622232,C,True,"{""C"": 42}",13
2415,65,144349,144414,1106205,1106269,C,True,"{""C"": 65}",103
2416,49,144414,144463,907215,907263,C,True,"{""C"": 49}",78
2417,65,144463,144528,583277,583341,B,True,"{""B"": 65}",66
2418,37,144528,144565,1567000,1567036,A,True,"{""A"": 37}",231
2419,43,144565,144608,1632422,1632464,A,True,"{""A"": 43}",323
2420,65,144608,144673,620172,620236,C,True,"{""C"": 65}",182
2421,65,144673,144738,1144539,1144603,C,True,"{""C"": 65}",72
2422,65,144738,144803,753033,753097,C,True,"{""C"": 65}",320
2423,65,144803,144868,22716,22780,B,True,"{""B"": 65}",185
2424,65,144868,144933,410708,410772,B,True,"{""B"": 65}",176
2425,65,144933,144998,1711943,1712007,A,True,"{""A"": 65}",334
2426,65,144998,145063,31402,31466,B,True,"{""B"": 65}",204
2427,65,145063,145128,116413,116477,B,True,"{""B"": 65}",29
2428,65,145128,145193,1314681,1314745,A,True,"{""A"": 65}",75
2429,65,145193,145258,264537,264601,B,True,"{""B"": 65}",29
2430,37,145258,145295,1547216,1547252,A,True,"{""A"": 37}",186
2431,65,145295,145360,1746340,1746404,A,True,"{""A"": 65}",320
2432,65,145360,145425,1097582,1097646,C,True,"{""C"": 65}",355
2433,65,145425,145490,1209765,1209829,A,True,"{""A"": 65}",99
2434,47,145490,145537,167628,167674,B,True,"{""B"": 47}",275
2435,65,145537,145602,1528682,1528746,A,True,"{""A"": 65}",118
2436,65,145602,145667,1007168,1007232,C,True,"{""C"": 65}",69
2437,65,145667,145732,1111157,1111221,C,True,"{""C"": 65}",121
2438,35,145732,145767,1393608,1393642,A,True,"{""A"": 35}",382
2439,65,145767,145832,694712,694776,C,True,"{""C"": 65}",369
2440,65,145832,145897,851623,851687,C,True,"{""C"": 65}",296
2441,65,145897,145962,667800,667864,C,True,"{""C"": 65}",67
2442,65,145962,146027,1721800,1721864,A,True,"{""A"": 65}",282
2443,65,146027,146092,847324,847388,C,True,"{""C"": 65}",290
2444,65,146092,146157,1579430,1579494,A,True,"{""A"": 65}",59
2445,65,146157,146222,449459,449523,B,True,"{""B"": 65}",284
2446,65,146222,146287,1258009,1258073,A,True,"{""A"": 65}",287
2447,65,146287,146352,239236,239300,B,True,"{""B"": 65}",213
2448,65,146352,146417,1323067,1323131,A,True,"{""A"": 65}",331
2449,65,146417,146482,1197613,1197677,A,True,"{""A"": 65}",114
2450,65,146482,146547,891467,891531,C,True,"{""C"": 65}",325
2451,37,146547,146584,147852,147888,B,True,"{""B"": 37}",279
2452,41,146584,146625,1693241,1693281,A,True,"{""A"": 41}",339
2453,65,146625,146690,1470102,1470166,A,True,"{""A"": 65}",135
2454,65,146690,146755,297780,297844,B,True,"{""B"": 65}",69
2455,65,146755,146820,1238063,1238127,A,True,"{""A"": 65}",12
2456,65,146820,146885,1789942,1790006,A,True,"{""A"": 65}",94
2457,43,146885,146928,1292855,1292897,A,True,"{""A"": 43}",148
2458,47,146928,146975,648772,648818,C,True,"{""C"": 47}",147
2459,65,146975,147040,1428274,1428338,A,True,"{""A"": 65}",96
2460,65,147040,147105,1554582,1554646,A,True,"{""A"": 65}",40
2461,35,147105,147140,305373,305407,B,True,"{""B"": 35}",41
2462,40,147140,147180,1113719,1113758,C,True,"{""C"": 40}",7
2463,38,147180,147218,956900,956937,C,True,"{""C"": 38}",41
2464,65,147218,147283,1791977,1792041,A,True,"{""A"": 65}",354
2465,65,147283,147348,951616,951680,C,True,"{""C"": 65}",25
2466,65,147348,147413,246802,246866,B,True,"{""B"": 65}",123
2467,65,147413,147478,562600,562664,B,True,"{""B"": 65}",107
2468,65,147478,147543,704363,704427,C,True,"{""C"": 65}",39
2469,65,147543,147608,1520639,1520703,A,True,"{""A"": 65}",96
2470,65,147608,147673,1443156,1443220,A,True,"{""A"": 65}",230
2471,65,147673,147738,610842,610906,C,True,"{""C"": 65}",200
2472,65,147738,147803,1126298,1126362,C,True,"{""C"": 65}",64
2473,34,147803,147837,68525,68558,B,True,"{""B"": 34}",173
2474,47,147837,147884,821169,821215,C,True,"{""C"": 47}",28
2475,65,147884,147949,540112,540176,B,True,"{""B"": 65}",307
2476,65,147949,148014,1118599,1118663,C,True,"{""C"": 65}",11
2477,65,148014,148079,1743777,1743841,A,True,"{""A"": 65}",15
2478,39,148079,148118,666280,666318,C,True,"{""C"": 39}",335
2479,65,148118,148183,190344,190408,B,True,"{""B"": 65}",95
2480,65,148183,148248,863762,863826,C,True,"{""C"": 65}",62
2481,65,148248,148313,689778,689842,C,True,"{""C"": 65}",313
2482,65,148313,148378,581031,581095,B,True,"{""B"": 65}",332
2483,65,148378,148443,1035567,1035631,C,True,"{""C"": 65}",190
2484,42,148443,148485,432412,432453,B,True,"{""B"": 42}",27
2485,65,148485,148550,802533,802597,C,True,"{""C"": 65}",1
2486,65,148550,148615,1553252,1553316,A,True,"{""A"": 65}",61
2487,65,148615,148680,171848,171912,B,True,"{""B"": 65}",160
2488,65,148680,148745,1376211,1376275,A,True,"{""A"": 65}",190
2489,65,148745,148810,1006443,1006507,C,True,"{""C"": 65}",259
2490,65,148810,148875,371702,371766,B,True,"{""B"": 65}",95
2491,42,148875,148917,733080,733121,C,True,"{""C"": 42}",299
2492,65,148917,148982,206349,206413,B,True,"{""B"": 65}",153
2493,42,148982,149024,1491820,1491861,A,True,"{""A"": 42}",110
2494,65,149024,149089,1050593,1050657,C,True,"{""C"": 65}",203
2495,65,149089,149154,994309,994373,C,True,"{""C"": 65}",193
2496,44,149154,149198,1373796,1373839,A,True,"{""A"": 44}",41
2497,36,149198,149234,1448707,1448742,A,True,"{""A"": 36}",76
2498,65,149234,149299,147244,147308,B,True,"{""B"": 65}",127
2499,48,149299,149347,1396173,1396220,A,True,"{""A"": 48}",84
2500,65,149347,149412,6028,6092,B,True,"{""B"": 65}",382
2501,65,149412,149477,1339142,1339206,A,True,"{""A"": 65}",15
2502,65,149477,149542,253507,253571,B,True,"{""B"": 65}",179
2503,65,149542,149607,1135271,1135335,C,True,"{""C"": 65}",131
2504,65,149607,149672,115697,115761,B,True,"{""B"": 65}",8
2505,65,149672,149737,1317599,1317663,A,True,"{""A"": 65}",214
2506,65,149737,149802,1469425,1469489,A,True,"{""A"": 65}",171
2507,39,149802,149841,17772,17810,B,True,"{""B"": 39}",46
2508,48,149841,149889,64124,64171,B,True,"{""B"": 48}",280
2509,65,149889,149954,845179,845243,C,True,"{""C"": 65}",295
2510,65,149954,150019,671892,671956,C,True,"{""C"": 65}",53
2511,65,150019,150084,1381880,1381944,A,True,"{""A"": 65}",380
2512,42,150084,150126,455920,455961,B,True,"{""B"": 42}",366
2513,65,150126,150191,1532050,1532114,A,True,"{""A"": 65}",94
2514,34,150191,150225,1001184,1001217,C,True,"{""C"": 34}",284
2515,65,150225,150290,1614054,1614118,A,True,"{""A"": 65}",124
2516,65,150290,150355,532065,532129,B,True,"{""B"": 65}",209
2517,39,150355,150394,137916,137954,B,True,"{""B"": 39}",184
2518,41,150394,150435,311460,311500,B,True,"{""B"": 41}",323
2519,65,150435,150500,658735,658799,C,True,"{""C"": 65}",19
2520,65,150500,150565,1048146,1048210,C,True,"{""C"": 65}",335
2521,65,150565,150630,942732,942796,C,True,"{""C"": 65}",228
2522,65,150630,150695,196551,196615,B,True,"{""B"": 65}",7
2523,65,150695,150760,1035441,1035505,C,True,"{""C"": 65}",250
2524,37,150760,150797,1044549,1044585,C,True,"{""C"": 37}",181
2525,65,150797,150862,47668,47732,B,True,"{""B"": 65}",373
2526,65,150862,150927,167827,167891,B,True,"{""B"": 65}",192
2527,65,150927,150992,153574,153638,B,True,"{""B"": 65}",376
2528,65,150992,151057,774621,774685,C,True,"{""C"": 65}",295
2529,65,151057,151122,952700,952764,C,True,"{""C"": 65}",27
2530,65,151122,151187,362979,363043,B,True,"{""B"": 65}",136
2531,65,151187,151252,1432720,1432784,A,True,"{""A"": 65}",69
2532,65,151252,151317,1005209,1005273,C,True,"{""C"": 65}",0
2533,40,151317,151357,176541,176580,B,True,"{""B"": 40}",139
2534,65,151357,151422,1436887,1436951,A,True,"{""A"": 65}",27
2535,65,151422,151487,14881,14945,B,True,"{""B"": 65}",213
2536,65,151487,151552,599931,599995,C,True,"{""C"": 65}",373
2537,65,151552,151617,14472,14536,B,True,"{""B"": 65}",180
2538,65,151617,151682,1410555,1410619,A,True,"{""A"": 65}",74
2539,65,151682,151747,1404400,1404464,A,True,"{""A"": 65}",309
2540,65,151747,151812,924201,924265,C,True,"{""C"": 65}",209
2541,36,151812,151848,607475,607510,C,True,"{""C"": 36}",323
2542,65,151848,151913,684566,684630,C,True,"{""C"": 65}",304
2543,65,151913,151978,253999,254063,B,True,"{""B"": 65}",27
2544,65,151978,152043,976560,976624,C,True,"{""C"": 65}",274
2545,65,152043,152108,1238348,1238412,A,True,"{""A"": 65}",24
2546,65,152108,152173,1681234,1681298,A,True,"{""A"": 65}",203
2547,65,152173,152238,819234,819298,C,True,"{""C"": 65}",130
2548,65,152238,152303,1040434,1040498,C,True,"{""C"": 65}",132
2549,35,152303,152338,1027921,1027955,C,True,"{""C"": 35}",16
2550,65,152338,152403,1252098,1252162,A,True,"{""A"": 65}",31
2551,65,152403,152468,353916,353980,B,True,"{""B"": 65}",149
2552,65,152468,152533,1324074,1324138,A,True,"{""A"": 65}",325
2553,65,152533,152598,1093955,1094019,C,True,"{""C"": 65}",7
2554,65,152598,152663,1180908,1180972,C,True,"{""C"": 65}",39
2555,65,152663,152728,319244,319308,B,True,"{""B"": 65}",6
2556,36,152728,152764,466099,466134,B,True,"{""B"": 36}",35
2557,65,152764,152829,246203,246267,B,True,"{""B"": 65}",182
2558,45,152829,152874,847644,847688,C,True,"{""C"": 45}",176
2559,65,152874,152939,273810,273874,B,True,"{""B"": 65}",331
2560,65,152939,153004,362803,362867,B,True,"{""B"": 65}",123
2561,65,153004,153069,1093792,1093856,C,True,"{""C"": 65}",33
2562,65,153069,153134,73447,73511,B,True,"{""B"": 65}",264
2563,65,153134,153199,917137,917201,C,True,"{""C"": 65}",386
2564,65,153199,153264,60687,60751,B,True,"{""B"": 65}",334
2565,65,153264,153329,660259,660323,C,True,"{""C"": 65}",11
2566,65,153329,153394,1630596,1630660,A,True,"{""A"": 65}",12
2567,65,153394,153459,743590,743654,C,True,"{""C"": 65}",224
2568,40,153459,153499,80585,80624,B,True,"{""B"": 40}",190
2569,65,153499,153564,531334,531398,B,True,"{""B"": 65}",229
2570,46,153564,153610,1035118,1035163,C,True,"{""C"": 46}",41
2571,65,153610,153675,295598,295662,B,True,"{""B"": 65}",357
2572,65,153675,153740,1293946,1294010,A,True,"{""A"": 65}",6
2573,38,153740,153778,655790,655827,C,True,"{""C"": 38}",206
2574,43,153778,153821,1679649,1679691,A,True,"{""A"": 43}",367
2575,65,153821,153886,492382,492446,B,True,"{""B"": 65}",71
2576,65,153886,153951,252644,252708,B,True,"{""B"": 65}",96
2577,43,153951,153994,989553,989595,C,True,"{""C"": 43}",189
2578,65,153994,154059,517729,517793,B,True,"{""B"": 65}",325
2579,65,154059,154124,1433623,1433687,A,True,"{""A"": 65}",88
2580,65,154124,154189,1129265,1129329,C,True,"{""C"": 65}",134
2581,65,154189,154254,1224425,1224489,A,True,"{""A"": 65}",0
2582,42,154254,154296,1226941,1226982,A,True,"{""A"": 42}",102
2583,65,154296,154361,72952,73016,B,True,"{""B"": 65}",328
2584,65,154361,154426,258381,258445,B,True,"{""B"": 65}",174
2585,65,154426,154491,1205327,1205391,A,True,"{""A"": 65}",371
2586,65,154491,154556,1057732,1057796,C,True,"{""C"": 65}",26
2587,65,154556,154621,755007,755071,C,True,"{""C"": 65}",40
2588,65,154621,154686,94621,94685,B,True,"{""B"": 65}",273
2589,65,154686,154751,56685,56749,B,True,"{""B"": 65}",262
2590,65,154751,154816,1077457,1077521,C,True,"{""C"": 65}",341
2591,65,154816,154881,1079267,1079331,C,True,"{""C"": 65}",46
2592,65,154881,154946,970740,970804,C,True,"{""C"": 65}",186
2593,65,154946,155011,605610,605674,C,True,"{""C"": 65}",127
2594,65,155011,155076,152995,153059,B,True,"{""B"": 65}",89
2595,46,155076,155122,1395461,1395506,A,True,"{""A"": 46}",297
2596,65,155122,155187,47151,47215,B,True,"{""B"": 65}",166
2597,65,155187,155252,1480996,1481060,A,True,"{""A"": 65}",259
2598,65,155252,155317,1361167,1361231,A,True,"{""A"": 65}",2
2599,65,155317,155382,614842,614906,C,True,"{""C"": 65}",228
2600,65,155382,155447,205896,205960,B,True,"{""B"": 65}",344
2601,36,155447,155483,589128,589163,B,True,"{""B"": 36}",186
2602,65,155483,155548,1027362,1027426,C,True,"{""C"": 65}",360
2603,43,155548,155591,330674,330716,B,True,"{""B"": 43}",31
2604,65,155591,155656,749723,749787,C,True,"{""C"": 65}",323
2605,65,155656,155721,596007,596071,B,True,"{""B"": 65}",311
2606,65,155721,155786,271785,271849,B,True,"{""B"": 65}",245
2607,65,155786,155851,569795,569859,B,True,"{""B"": 65}",200
2608,65,155851,155916,1449759,1449823,A,True,"{""A"": 65}",358
2609,65,155916,155981,1667099,1667163,A,True,"{""A"": 65}",336
2610,65,155981,156046,606880,606944,C,True,"{""C"": 65}",342
2611,65,156046,156111,696354,696418,C,True,"{""C"": 65}",212
2612,65,156111,156176,320397,320461,B,True,"{""B"": 65}",60
2613,65,156176,156241,1733351,1733415,A,True,"{""A"": 65}",319
2614,65,156241,156306,1220052,1220116,A,True,"{""A"": 65}",362
2615,40,156306,156346,772813,772852,C,True,"{""C"": 40}",161
2616,65,156346,156411,626276,626340,C,True,"{""C"": 65}",246
2617,49,156411,156460,980063,980111,C,True,"{""C"": 49}",203
2618,65,156460,156525,406226,406290,B,True,"{""B"": 65}",212
2619,65,156525,156590,1323974,1324038,A,True,"{""A"": 65}",5
2620,65,156590,156655,1466305,1466369,A,True,"{""A"": 65}",183
2621,65,156655,156720,241643,241707,B,True,"{""B"": 65}",197
2622,65,156720,156785,1078344,1078408,C,True,"{""C"": 65}",239
2623,65,156785,156850,951690,951754,C,True,"{""C"": 65}",322
2624,65,156850,156915,32131,32195,B,True,"{""B"": 65}",188
2625,65,156915,156980,1583578,1583642,A,True,"{""A"": 65}",252
2626,65,156980,157045,1791776,1791840,A,True,"{""A"": 65}",116
2627,65,157045,157110,379409,379473,B,True,"{""B"": 65}",117
2628,65,157110,157175,350944,351008,B,True,"{""B"": 65}",197
2629,65,157175,157240,342685,342749,B,True,"{""B"": 65}",141
2630,65,157240,157305,212855,212919,B,True,"{""B"": 65}",371
2631,65,157305,157370,1667272,1667336,A,True,"{""A"": 65}",328
2632,65,157370,157435,923552,923616,C,True,"{""C"": 65}",174
2633,40,157435,157475,1044801,1044840,C,True,"{""C"": 40}",199
2634,65,157475,157540,673710,673774,C,True,"{""C"": 65}",8
2635,49,157540,157589,1659826,1659874,A,True,"{""A"": 49}",5
2636,65,157589,157654,1537095,1537159,A,True,"{""A"": 65}",216
2637,65,157654,157719,161340,161404,B,True,"{""B"": 65}",213
2638,43,157719,157762,913846,913888,C,True,"{""C"": 43}",190
2639,37,157762,157799,1794286,1794322,A,True,"{""A"": 37}",211
2640,65,157799,157864,1577388,1577452,A,True,"{""A"": 65}",68
2641,65,157864,157929,1563786,1563850,A,True,"{""A"": 65}",143
2642,65,157929,157994,1583448,1583512,A,True,"{""A"": 65}",37
2643,65,157994,158059,775981,776045,C,True,"{""C"": 65}",183
2644,44,158059,158103,741779,741822,C,True,"{""C"": 44}",170
2645,46,158103,158149,582709,582754,B,True,"{""B"": 46}",180
2646,65,158149,158214,597055,597119,B,True,"{""B"": 65}",207
2647,48,158214,158262,582708,582755,B,True,"{""B"": 48}",279
2648,65,158262,158327,518369,518433,B,True,"{""B"": 65}",139
2649,65,158327,158392,1524513,1524577,A,True,"{""A"": 65}",152
2650,65,158392,158457,1426190,1426254,A,True,"{""A"": 65}",206
2651,65,158457,158522,256422,256486,B,True,"{""B"": 65}",143
2652,65,158522,158587,594722,594786,B,True,"{""B"": 65}",272
2653,37,158587,158624,154756,154792,B,True,"{""B"": 37}",111
2654,44,158624,158668,548926,548969,B,True,"{""B"": 44}",110
2655,65,158668,158733,155323,155387,B,True,"{""B"": 65}",109
2656,65,158733,158798,484800,484864,B,True,"{""B"": 65}",319
2657,65,158798,158863,319880,319944,B,True,"{""B"": 65}",247
2658,65,158863,158928,315910,315974,B,True,"{""B"": 65}",248
2659,65,158928,158993,319816,319880,B,True,"{""B"": 65}",355
2660,65,158993,159058,845485,845549,C,True,"{""C"": 65}",358
2661,65,159058,159123,1008811,1008875,C,True,"{""C"": 65}",359
2662,65,159123,159188,1020757,1020821,C,True,"{""C"": 65}",338
2663,65,159188,159253,765899,765963,C,True,"{""C"": 65}",226
2664,65,159253,159318,768241,768305,C,True,"{""C"": 65}",194
2665,38,159318,159356,1162912,1162949,C,True,"{""C"": 38}",76
2666,65,159356,159421,323395,323459,B,True,"{""B"": 65}",261
2667,39,159421,159460,795046,795084,C,True,"{""C"": 39}",200
2668,65,159460,159525,1154510,1154574,C,True,"{""C"": 65}",332
2669,65,159525,159590,1035832,1035896,C,True,"{""C"": 65}",289
2670,65,159590,159655,1441616,1441680,A,True,"{""A"": 65}",346
2671,39,159655,159694,420750,420788,B,True,"{""B"": 39}",199
2672,65,159694,159759,340366,340430,B,True,"{""B"": 65}",195
2673,65,159759,159824,92277,92341,B,True,"{""B"": 65}",98
2674,65,159824,159889,351179,351243,B,True,"{""B"": 65}",207
2675,65,159889,159954,1297879,1297943,A,True,"{""A"": 65}",205
2676,65,159954,160019,420533,420597,B,True,"{""B"": 65}",81
2677,43,160019,160062,1626831,1626873,A,True,"{""A"": 43}",319
2678,38,160062,160100,1395850,1395887,A,True,"{""A"": 38}",73
2679,65,160100,160165,1568949,1569013,A,True,"{""A"": 65}",71
2680,65,160165,160230,1117915,1117979,C,True,"{""C"": 65}",378
2681,41,160230,160271,582946,582986,B,True,"{""B"": 41}",199
2682,65,160271,160336,49699,49763,B,True,"{""B"": 65}",71
2683,65,160336,160401,1714636,1714700,A,True,"{""A"": 65}",257
2684,65,160401,160466,1559373,1559437,A,True,"{""A"": 65}",229
2685,45,160466,160511,1038645,1038689,C,True,"{""C"": 45}",268
2686,65,160511,160576,1672840,1672904,A,True,"{""A"": 65}",236
2687,65,160576,160641,1173784,1173848,C,True,"{""C"": 65}",233
2688,65,160641,160706,1548148,1548212,A,True,"{""A"": 65}",162
2689,65,160706,160771,1438714,1438778,A,True,"{""A"": 65}",263
2690,65,160771,160836,639266,639330,C,True,"{""C"": 65}",289
2691,65,160836,160901,878619,878683,C,True,"{""C"": 65}",319
2692,65,160901,160966,1432112,1432176,A,True,"{""A"": 65}",277
2693,65,160966,161031,1110847,1110911,C,True,"{""C"": 65}",240
2694,65,161031,161096,290791,290855,B,True,"{""B"": 65}",260
2695,65,161096,161161,1240185,1240249,A,True,"{""A"": 65}",251
2696,65,161161,161226,1090334,1090398,C,True,"{""C"": 65}",249
2697,65,161226,161291,1171754,1171818,C,True,"{""C"": 65}",260
2698,65,161291,161356,1424390,1424454,A,True,"{""A"": 65}",264
2699,65,161356,161421,761961,762025,C,True,"{""C"": 65}",169
2700,65,161421,161486,570819,570883,B,True,"{""B"": 65}",239
2701,65,161486,161551,1409322,1409386,A,True,"{""A"": 65}",152
2702,65,161551,161616,639272,639336,C,True,"{""C"": 65}",235
2703,65,161616,161681,1623982,1624046,A,True,"{""A"": 65}",262
2704,35,161681,161716,1491688,1491722,A,True,"{""A"": 35}",163
2705,65,161716,161781,592721,592785,B,True,"{""B"": 65}",331
2706,65,161781,161846,1468676,1468740,A,True,"{""A"": 65}",254
2707,65,161846,161911,262648,262712,B,True,"{""B"": 65}",253
2708,65,161911,161976,240827,240891,B,True,"{""B"": 65}",169
2709,36,161976,162012,20390,20425,B,True,"{""B"": 36}",233
2710,65,162012,162077,1019393,1019457,C,True,"{""C"": 65}",139
2711,65,162077,162142,1561768,1561832,A,True,"{""A"": 65}",252
2712,65,162142,162207,519676,519740,B,True,"{""B"": 65}",257
2713,65,162207,162272,1171823,1171887,C,True,"{""C"": 65}",269
2714,37,162272,162309,1014478,1014514,C,True,"{""C"": 37}",356
2715,65,162309,162374,800272,800336,C,True,"{""C"": 65}",256
2716,65,162374,162439,1677078,1677142,A,True,"{""A"": 65}",48
2717,65,162439,162504,1206209,1206273,A,True,"{""A"": 65}",81
2718,65,162504,162569,929183,929247,C,True,"{""C"": 65}",152
2719,40,162569,162609,1553578,1553617,A,True,"{""A"": 40}",207
2720,65,162609,162674,25153,25217,B,True,"{""B"": 65}",254
2721,65,162674,162739,799338,799402,C,True,"{""C"": 65}",210
2722,65,162739,162804,854310,854374,C,True,"{""C"": 65}",204
2723,65,162804,162869,953926,953990,C,True,"{""C"": 65}",75
2724,65,162869,162934,638798,638862,C,True,"{""C"": 65}",289
2725,65,162934,162999,116344,116408,B,True,"{""B"": 65}",81
2726,65,162999,163064,161915,161979,B,True,"{""B"": 65}",111
2727,65,163064,163129,1757546,1757610,A,True,"{""A"": 65}",356
2728,65,163129,163194,1582396,1582460,A,True,"{""A"": 65}",257
2729,65,163194,163259,699809,699873,C,True,"{""C"": 65}",204
2730,65,163259,163324,1379199,1379263,A,True,"{""A"": 65}",221
2731,65,163324,163389,1669171,1669235,A,True,"{""A"": 65}",241
2732,65,163389,163454,1481117,1481181,A,True,"{""A"": 65}",246
2733,65,163454,163519,541332,541396,B,True,"{""B"": 65}",146
2734,65,163519,163584,1719257,1719321,A,True,"{""A"": 65}",181
2735,38,163584,163622,1569291,1569328,A,True,"{""A"": 38}",273
2736,65,163622,163687,1607738,1607802,A,True,"{""A"": 65}",253
2737,65,163687,163752,1686389,1686453,A,True,"{""A"": 65}",273
2738,65,163752,163817,1189054,1189118,C,True,"{""C"": 65}",243
2739,65,163817,163882,1572388,1572452,A,True,"{""A"": 65}",333
2740,65,163882,163947,165325,165389,B,True,"{""B"": 65}",387
2741,65,163947,164012,637486,637550,C,True,"{""C"": 65}",99
2742,38,164012,164050,779146,779183,C,True,"{""C"": 38}",263
2743,65,164050,164115,597054,597118,B,True,"{""B"": 65}",261
2744,65,164115,164180,1166330,1166394,C,True,"{""C"": 65}",273
2745,65,164180,164245,1745627,1745691,A,True,"{""A"": 65}",250
2746,65,164245,164310,1495180,1495244,A,True,"{""A"": 65}",267
2747,65,164310,164375,1505535,1505599,A,True,"{""A"": 65}",163
2748,65,164375,164440,1686627,1686691,A,True,"{""A"": 65}",357
2749,65,164440,164505,929748,929812,C,True,"{""C"": 65}",48
2750,65,164505,164570,31407,31471,B,True,"{""B"": 65}",246
2751,65,164570,164635,1019484,1019548,C,True,"{""C"": 65}",187
2752,65,164635,164700,1015231,1015295,C,True,"{""C"": 65}",277
2753,65,164700,164765,80510,80574,B,True,"{""B"": 65}",251
2754,65,164765,164830,150055,150119,B,True,"{""B"": 65}",99
2755,43,164830,164873,608683,608725,C,True,"{""C"": 43}",197
2756,65,164873,164938,1672664,1672728,A,True,"{""A"": 65}",99
2757,65,164938,165003,1021794,1021858,C,True,"{""C"": 65}",236
2758,65,165003,165068,1686390,1686454,A,True,"{""A"": 65}",273
2759,65,165068,165133,522077,522141,B,True,"{""B"": 65}",269
2760,65,165133,165198,427331,427395,B,True,"{""B"": 65}",24
2761,44,165198,165242,761165,761208,C,True,"{""C"": 44}",362
2762,65,165242,165307,1735047,1735111,A,True,"{""A"": 65}",82
2763,65,165307,165372,170679,170743,B,True,"{""B"": 65}",364
2764,65,165372,165437,54858,54922,B,True,"{""B"": 65}",2
2765,65,165437,165502,1057427,1057491,C,True,"{""C"": 65}",272
2766,65,165502,165567,404395,404459,B,True,"{""B"": 65}",250
2767,65,165567,165632,794100,794164,C,True,"{""C"": 65}",258
2768,65,165632,165697,779112,779176,C,True,"{""C"": 65}",274
2769,65,165697,165762,1191173,1191237,C,True,"{""C"": 65}",380
2770,65,165762,165827,1038828,1038892,C,True,"{""C"": 65}",42
2771,65,165827,165892,899284,899348,C,True,"{""C"": 65}",221
2772,65,165892,165957,151434,151498,B,True,"{""B"": 65}",355
2773,65,165957,166022,1432105,1432169,A,True,"{""A"": 65}",42
2774,65,166022,166087,1243142,1243206,A,True,"{""A"": 65}",2
2775,65,166087,166152,1140402,1140466,C,True,"{""C"": 65}",2
2776,65,166152,166217,1299692,1299756,A,True,"{""A"": 65}",380
2777,65,166217,166282,687156,687220,C,True,"{""C"": 65}",276
2778,65,166282,166347,1038829,1038893,C,True,"{""C"": 65}",277
2779,65,166347,166412,259521,259585,B,True,"{""B"": 65}",274
2780,65,166412,166477,1376062,1376126,A,True,"{""A"": 65}",274
2781,65,166477,166542,1426842,1426906,A,True,"{""A"": 65}",24
2782,65,166542,166607,701283,701347,C,True,"{""C"": 65}",121
2783,65,166607,166672,1213025,1213089,A,True,"{""A"": 65}",167
2784,35,166672,166707,864160,864194,C,True,"{""C"": 35}",78
2785,65,166707,166772,314378,314442,B,True,"{""B"": 65}",367
2786,40,166772,166812,1004948,1004987,C,True,"{""C"": 40}",307
2787,38,166812,166850,1268139,1268176,A,True,"{""A"": 38}",292
2788,65,166850,166915,489715,489779,B,True,"{""B"": 65}",69
2789,47,166915,166962,1345200,1345246,A,True,"{""A"": 47}",292
2790,65,166962,167027,245396,245460,B,True,"{""B"": 65}",313
2791,44,167027,167071,1522504,1522547,A,True,"{""A"": 44}",91
2792,65,167071,167136,1226106,1226170,A,True,"{""A"": 65}",321
2793,65,167136,167201,249503,249567,B,True,"{""B"": 65}",149
2794,65,167201,167266,1174699,1174763,C,True,"{""C"": 65}",15
2795,42,167266,167308,808854,808895,C,True,"{""C"": 42}",95
2796,65,167308,167373,1067309,1067373,C,True,"{""C"": 65}",281
2797,65,167373,167438,1793548,1793612,A,True,"{""A"": 65}",157
2798,65,167438,167503,228854,228918,B,True,"{""B"": 65}",224
2799,65,167503,167568,362278,362342,B,True,"{""B"": 65}",200
2800,42,167568,167610,1598888,1598929,A,True,"{""A"": 42}",185
2801,65,167610,167675,1523170,1523234,A,True,"{""A"": 65}",5
2802,65,167675,167740,1439697,1439761,A,True,"{""A"": 65}",287
2803,43,167740,167783,433257,433299,B,True,"{""B"": 43}",274
2804,65,167783,167848,86400,86464,B,True,"{""B"": 65}",6
2805,40,167848,167888,1645754,1645793,A,True,"{""A"": 40}",185
2806,65,167888,167953,288580,288644,B,True,"{""B"": 65}",80
2807,65,167953,168018,735392,735456,C,True,"{""C"": 65}",346
2808,65,168018,168083,1781530,1781594,A,True,"{""A"": 65}",356
2809,65,168083,168148,1055098,1055162,C,True,"{""C"": 65}",157
2810,49,168148,168197,846623,846671,C,True,"{""C"": 49}",78
2811,46,168197,168243,1234301,1234346,A,True,"{""A"": 46}",256
2812,65,168243,168308,388210,388274,B,True,"{""B"": 65}",10
2813,38,168308,168346,1186720,1186757,C,True,"{""C"": 38}",147
2814,65,168346,168411,1471922,1471986,A,True,"{""A"": 65}",29
2815,65,168411,168476,1370749,1370813,A,True,"{""A"": 65}",186
2816,65,168476,168541,644298,644362,C,True,"{""C"": 65}",123
2817,65,168541,168606,1350473,1350537,A,True,"{""A"": 65}",11
2818,39,168606,168645,1786768,1786806,A,True,"{""A"": 39}",14
2819,65,168645,168710,1511383,1511447,A,True,"{""A"": 65}",7
2820,36,168710,168746,450884,450919,B,True,"{""B"": 36}",224
2821,65,168746,168811,458430,458494,B,True,"{""B"": 65}",30
2822,47,168811,168858,1702320,1702366,A,True,"{""A"": 47}",299
2823,45,168858,168903,1525947,1525991,A,True,"{""A"": 45}",148
2824,40,168903,168943,282873,282912,B,True,"{""B"": 40}",78
2825,65,168943,169008,954404,954468,C,True,"{""C"": 65}",213
2826,46,169008,169054,1553153,1553198,A,True,"{""A"": 46}",26
2827,65,169054,169119,1466186,1466250,A,True,"{""A"": 65}",93
2828,40,169119,169159,1255113,1255152,A,True,"{""A"": 40}",381
2829,42,169159,169201,1124832,1124873,C,True,"{""C"": 42}",38
2830,65,169201,169266,1091451,1091515,C,True,"{""C"": 65}",84
2831,65,169266,169331,1738195,1738259,A,True,"{""A"": 65}",140
2832,65,169331,169396,368075,368139,B,True,"{""B"": 65}",135
2833,65,169396,169461,649054,649118,C,True,"{""C"": 65}",89
2834,65,169461,169526,340959,341023,B,True,"{""B"": 65}",244
2835,65,169526,169591,1326089,1326153,A,True,"{""A"": 65}",203
2836,65,169591,169656,516153,516217,B,True,"{""B"": 65}",47
2837,42,169656,169698,451806,451847,B,True,"{""B"": 42}",145
2838,39,169698,169737,985457,985495,C,True,"{""C"": 39}",123
2839,65,169737,169802,238317,238381,B,True,"{""B"": 65}",75
2840,65,169802,169867,1090374,1090438,C,True,"{""C"": 65}",113
2841,65,169867,169932,1007170,1007234,C,True,"{""C"": 65}",57
2842,65,169932,169997,1693650,1693714,A,True,"{""A"": 65}",381
2843,65,169997,170062,320402,320466,B,True,"{""B"": 65}",310
2844,36,170062,170098,696856,696891,C,True,"{""C"": 36}",288
2845,44,170098,170142,1563341,1563384,A,True,"{""A"": 44}",332
2846,65,170142,170207,570820,570884,B,True,"{""B"": 65}",331
2847,65,170207,170272,1769394,1769458,A,True,"{""A"": 65}",369
2848,38,170272,170310,1183711,1183748,C,True,"{""C"": 38}",286
2849,65,170310,170375,1025366,1025430,C,True,"{""C"": 65}",29
2850,65,170375,170440,1705841,1705905,A,True,"{""A"": 65}",55
2851,65,170440,170505,1545903,1545967,A,True,"{""A"": 65}",200
2852,65,170505,170570,1116526,1116590,C,True,"{""C"": 65}",40
2853,65,170570,170635,831737,831801,C,True,"{""C"": 65}",63
2854,65,170635,170700,882144,882208,C,True,"{""C"": 65}",327
2855,65,170700,170765,447061,447125,B,True,"{""B"": 65}",59
2856,65,170765,170830,877855,877919,C,True,"{""C"": 65}",126
2857,65,170830,170895,532070,532134,B,True,"{""B"": 65}",94
2858,65,170895,170960,590096,590160,B,True,"{""B"": 65}",228
2859,65,170960,171025,167470,167534,B,True,"{""B"": 65}",212
2860,65,171025,171090,579151,579215,B,True,"{""B"": 65}",182
2861,65,171090,171155,1524353,1524417,A,True,"{""A"": 65}",26
2862,65,171155,171220,1346685,1346749,A,True,"{""A"": 65}",86
2863,65,171220,171285,719748,719812,C,True,"{""C"": 65}",44
2864,65,171285,171350,1708992,1709056,A,True,"{""A"": 65}",287
2865,65,171350,171415,199799,199863,B,True,"{""B"": 65}",127
2866,65,171415,171480,320626,320690,B,True,"{""B"": 65}",310
2867,65,171480,171545,1713147,1713211,A,True,"{""A"": 65}",31
2868,65,171545,171610,1118502,1118566,C,True,"{""C"": 65}",28
2869,36,171610,171646,581246,581281,B,True,"{""B"": 36}",175
2870,41,171646,171687,1595679,1595719,A,True,"{""A"": 41}",330
2871,65,171687,171752,956061,956125,C,True,"{""C"": 65}",112
2872,65,171752,171817,645971,646035,C,True,"{""C"": 65}",69
2873,65,171817,171882,284312,284376,B,True,"{""B"": 65}",122
2874,65,171882,171947,459337,459401,B,True,"{""B"": 65}",155
2875,65,171947,172012,1626079,1626143,A,True,"{""A"": 65}",66
2876,65,172012,172077,686336,686400,C,True,"{""C"": 65}",373
2877,65,172077,172142,41102,41166,B,True,"{""B"": 65}",135
2878,65,172142,172207,1778101,1778165,A,True,"{""A"": 65}",155
2879,65,172207,172272,1438934,1438998,A,True,"{""A"": 65}",355
2880,34,172272,172306,1495501,1495534,A,True,"{""A"": 34}",300
2881,65,172306,172371,1316502,1316566,A,True,"{""A"": 65}",6
2882,65,172371,172436,1710277,1710341,A,True,"{""A"": 65}",215
2883,65,172436,172501,579744,579808,B,True,"{""B"": 65}",54
2884,65,172501,172566,810212,810276,C,True,"{""C"": 65}",117
2885,65,172566,172631,1755811,1755875,A,True,"{""A"": 65}",376
2886,65,172631,172696,114803,114867,B,True,"{""B"": 65}",75
2887,65,172696,172761,915892,915956,C,True,"{""C"": 65}",68
2888,65,172761,172826,186640,186704,B,True,"{""B"": 65}",297
2889,65,172826,172891,917138,917202,C,True,"{""C"": 65}",199
2890,65,172891,172956,1415082,1415146,A,True,"{""A"": 65}",97
2891,35,172956,172991,869081,869115,C,True,"{""C"": 35}",308
2892,47,172991,173038,1063001,1063047,C,True,"{""C"": 47}",231
2893,65,173038,173103,212751,212815,B,True,"{""B"": 65}",126
2894,65,173103,173168,1712528,1712592,A,True,"{""A"": 65}",156
2895,65,173168,173233,962679,962743,C,True,"{""C"": 65}",316
2896,35,173233,173268,808661,808695,C,True,"{""C"": 35}",330
2897,46,173268,173314,65290,65335,B,True,"{""B"": 46}",223
2898,65,173314,173379,222206,222270,B,True,"{""B"": 65}",343
2899,65,173379,173444,1246547,1246611,A,True,"{""A"": 65}",4
2900,65,173444,173509,734456,734520,C,True,"{""C"": 65}",192
2901,65,173509,173574,461609,461673,B,True,"{""B"": 65}",92
2902,65,173574,173639,538215,538279,B,True,"{""B"": 65}",140
2903,44,173639,173683,1792133,1792176,A,True,"{""A"": 44}",190
2904,65,173683,173748,1380130,1380194,A,True,"{""A"": 65}",158
2905,42,173748,173790,1632898,1632939,A,True,"{""A"": 42}",323
2906,44,173790,173834,1627993,1628036,A,True,"{""A"": 44}",323
2907,65,173834,173899,563800,563864,B,True,"{""B"": 65}",96
2908,65,173899,173964,1634981,1635045,A,True,"{""A"": 65}",123
2909,65,173964,174029,204548,204612,B,True,"{""B"": 65}",345
2910,39,174029,174068,1249471,1249509,A,True,"{""A"": 39}",115
2911,65,174068,174133,1195640,1195704,A,True,"{""A"": 65}",1
2912,65,174133,174198,647635,647699,C,True,"{""C"": 65}",217
2913,65,174198,174263,850221,850285,C,True,"{""C"": 65}",193
2914,38,174263,174301,1342834,1342871,A,True,"{""A"": 38}",301
2915,37,174301,174338,409769,409805,B,True,"{""B"": 37}",109
2916,65,174338,174403,236719,236783,B,True,"{""B"": 65}",164
2917,65,174403,174468,735294,735358,C,True,"{""C"": 65}",57
2918,38,174468,174506,143080,143117,B,True,"{""B"": 38}",28
2919,40,174506,174546,1549417,1549456,A,True,"{""A"": 40}",49
2920,65,174546,174611,1437919,1437983,A,True,"{""A"": 65}",107
2921,65,174611,174676,481562,481626,B,True,"{""B"": 65}",287
2922,65,174676,174741,1287060,1287124,A,True,"{""A"": 65}",122
2923,65,174741,174806,49570,49634,B,True,"{""B"": 65}",4
2924,65,174806,174871,1636203,1636267,A,True,"{""A"": 65}",347
2925,39,174871,174910,52639,52677,B,True,"{""B"": 39}",83
2926,65,174910,174975,1267847,1267911,A,True,"{""A"": 65}",69
2927,65,174975,175040,412133,412197,B,True,"{""B"": 65}",385
2928,65,175040,175105,1097060,1097124,C,True,"{""C"": 65}",29
2929,65,175105,175170,681623,681687,C,True,"{""C"": 65}",129
2930,65,175170,175235,976562,976626,C,True,"{""C"": 65}",355
2931,65,175235,175300,1230674,1230738,A,True,"{""A"": 65}",385
2932,65,175300,175365,1727763,1727827,A,True,"{""A"": 65}",96
2933,65,175365,175430,929755,929819,C,True,"{""C"": 65}",246
2934,65,175430,175495,1524074,1524138,A,True,"{""A"": 65}",136
2935,65,175495,175560,626878,626942,C,True,"{""C"": 65}",329
2936,65,175560,175625,512557,512621,B,True,"{""B"": 65}",96
2937,65,175625,175690,795425,795489,C,True,"{""C"": 65}",287
2938,65,175690,175755,1085014,1085078,C,True,"{""C"": 65}",59
2939,65,175755,175820,80201,80265,B,True,"{""B"": 65}",192
2940,65,175820,175885,586280,586344,B,True,"{""B"": 65}",62
2941,65,175885,175950,16756,16820,B,True,"{""B"": 65}",149
2942,65,175950,176015,527336,527400,B,True,"{""B"": 65}",18
2943,38,176015,176053,825238,825275,C,True,"{""C"": 38}",50
2944,65,176053,176118,1527363,1527427,A,True,"{""A"": 65}",127
2945,43,176118,176161,884532,884574,C,True,"{""C"": 43}",336
2946,49,176161,176210,131441,131489,B,True,"{""B"": 49}",72
2947,41,176210,176251,70815,70855,B,True,"{""B"": 41}",294
2948,35,176251,176286,780259,780293,C,True,"{""C"": 35}",106
2949,65,176286,176351,502479,502543,B,True,"{""B"": 65}",317
2950,37,176351,176388,377592,377628,B,True,"{""B"": 37}",123
2951,65,176388,176453,72045,72109,B,True,"{""B"": 65}",109
2952,65,176453,176518,1508564,1508628,A,True,"{""A"": 65}",117
2953,44,176518,176562,53625,53668,B,True,"{""B"": 44}",41
2954,36,176562,176598,836073,836108,C,True,"{""C"": 36}",147
2955,65,176598,176663,1704828,1704892,A,True,"{""A"": 65}",83
2956,65,176663,176728,245950,246014,B,True,"{""B"": 65}",3
2957,65,176728,176793,41486,41550,B,True,"{""B"": 65}",33
2958,37,176793,176830,1033433,1033469,C,True,"{""C"": 37}",275
2959,65,176830,176895,1195282,1195346,A,True,"{""A"": 65}",26
2960,65,176895,176960,734282,734346,C,True,"{""C"": 65}",372
2961,39,176960,176999,759340,759378,C,True,"{""C"": 39}",186
2962,65,176999,177064,13856,13920,B,True,"{""B"": 65}",308
2963,65,177064,177129,960854,960918,C,True,"{""C"": 65}",374
2964,65,177129,177194,668134,668198,C,True,"{""C"": 65}",94
2965,65,177194,177259,299535,299599,B,True,"{""B"": 65}",304
2966,35,177259,177294,1162894,1162928,C,True,"{""C"": 35}",98
2967,65,177294,177359,945606,945670,C,True,"{""C"": 65}",151
2968,65,177359,177424,583454,583518,B,True,"{""B"": 65}",93
2969,65,177424,177489,185106,185170,B,True,"{""B"": 65}",192
2970,65,177489,177554,1243318,1243382,A,True,"{""A"": 65}",320
2971,65,177554,177619,1646043,1646107,A,True,"{""A"": 65}",167
2972,65,177619,177684,1465777,1465841,A,True,"{""A"": 65}",103
2973,65,177684,177749,1576600,1576664,A,True,"{""A"": 65}",40
2974,65,177749,177814,1369883,1369947,A,True,"{""A"": 65}",59
2975,45,177814,177859,163301,163345,B,True,"{""B"": 45}",314
2976,65,177859,177924,964152,964216,C,True,"{""C"": 65}",192
2977,65,177924,177989,954940,955004,C,True,"{""C"": 65}",167
2978,65,177989,178054,605819,605883,C,True,"{""C"": 65}",30
2979,65,178054,178119,1486055,1486119,A,True,"{""A"": 65}",326
2980,65,178119,178184,1065634,1065698,C,True,"{""C"": 65}",208
2981,65,178184,178249,1762644,1762708,A,True,"{""A"": 65}",183
2982,65,178249,178314,927124,927188,C,True,"{""C"": 65}",376
2983,36,178314,178350,662327,662362,C,True,"{""C"": 36}",32
2984,36,178350,178386,1779016,1779051,A,True,"{""A"": 36}",120
2985,46,178386,178432,1428100,1428145,A,True,"{""A"": 46}",28
2986,65,178432,178497,7321,7385,B,True,"{""B"": 65}",207
2987,65,178497,178562,678015,678079,C,True,"{""C"": 65}",206
2988,65,178562,178627,1492069,1492133,A,True,"{""A"": 65}",287
2989,65,178627,178692,1076266,1076330,C,True,"{""C"": 65}",132
2990,65,178692,178757,203669,203733,B,True,"{""B"": 65}",41
2991,65,178757,178822,333085,333149,B,True,"{""B"": 65}",218
2992,65,178822,178887,268855,268919,B,True,"{""B"": 65}",290
2993,65,178887,178952,1494720,1494784,A,True,"{""A"": 65}",247
2994,39,178952,178991,343489,343527,B,True,"{""B"": 39}",128
2995,41,178991,179032,834871,834911,C,True,"{""C"": 41}",314
2996,43,179032,179075,357423,357465,B,True,"{""B"": 43}",49
2997,65,179075,179140,99394,99458,B,True,"{""B"": 65}",55
2998,34,179140,179174,739245,739278,C,True,"{""C"": 34}",153
2999,65,179174,179239,308113,308177,B,True,"{""B"": 65}",217
3000,65,179239,179304,246568,246632,B,True,"{""B"": 65}",61
3001,47,179304,179351,978468,978514,C,True,"{""C"": 47}",30
3002,65,179351,179416,233896,233960,B,True,"{""B"": 65}",155
3003,36,179416,179452,1157120,1157155,C,True,"{""C"": 36}",322
3004,35,179452,179487,540521,540555,B,True,"{""B"": 35}",49
3005,65,179487,179552,1391252,1391316,A,True,"{""A"": 65}",142
3006,65,179552,179617,1217970,1218034,A,True,"{""A"": 65}",79
3007,45,179617,179662,642911,642955,C,True,"{""C"": 45}",129
3008,65,179662,179727,37530,37594,B,True,"{""B"": 65}",192
3009,65,179727,179792,48964,49028,B,True,"{""B"": 65}",7
3010,65,179792,179857,12206,12270,B,True,"{""B"": 65}",46
3011,65,179857,179922,1575092,1575156,A,True,"{""A"": 65}",88
3012,65,179922,179987,1750701,1750765,A,True,"{""A"": 65}",376
3013,65,179987,180052,1672940,1673004,A,True,"{""A"": 65}",35
3014,65,180052,180117,968526,968590,C,True,"{""C"": 65}",11
3015,65,180117,180182,1778192,1778256,A,True,"{""A"": 65}",124
3016,65,180182,180247,561392,561456,B,True,"{""B"": 65}",10
3017,65,180247,180312,241428,241492,B,True,"{""B"": 65}",29
3018,65,180312,180377,1020252,1020316,C,True,"{""C"": 65}",167
3019,40,180377,180417,401538,401577,B,True,"{""B"": 40}",314
3020,65,180417,180482,1782305,1782369,A,True,"{""A"": 65}",97
3021,65,180482,180547,71984,72048,B,True,"{""B"": 65}",232
3022,65,180547,180612,902808,902872,C,True,"{""C"": 65}",309
3023,65,180612,180677,161337,161401,B,True,"{""B"": 65}",72
3024,49,180677,180726,871908,871956,C,True,"{""C"": 49}",241
3025,65,180726,180791,212234,212298,B,True,"{""B"": 65}",161
3026,65,180791,180856,1349276,1349340,A,True,"{""A"": 65}",165
3027,65,180856,180921,1524727,1524791,A,True,"{""A"": 65}",141
3028,65,180921,180986,764441,764505,C,True,"{""C"": 65}",119
3029,65,180986,181051,1075720,1075784,C,True,"{""C"": 65}",331
3030,65,181051,181116,1499825,1499889,A,True,"{""A"": 65}",60
3031,35,181116,181151,1206627,1206661,A,True,"{""A"": 35}",305
3032,65,181151,181216,1353111,1353175,A,True,"{""A"": 65}",316
3033,65,181216,181281,1083951,1084015,C,True,"{""C"": 65}",179
3034,65,181281,181346,932084,932148,C,True,"{""C"": 65}",61
3035,65,181346,181411,1473271,1473335,A,True,"{""A"": 65}",74
3036,65,181411,181476,1007516,1007580,C,True,"{""C"": 65}",151
3037,65,181476,181541,635631,635695,C,True,"{""C"": 65}",79
3038,65,181541,181606,868036,868100,C,True,"{""C"": 65}",167
3039,65,181606,181671,434111,434175,B,True,"{""B"": 65}",179
3040,43,181671,181714,620122,620164,C,True,"{""C"": 43}",373
3041,65,181714,181779,309439,309503,B,True,"{""B"": 65}",87
3042,65,181779,181844,457356,457420,B,True,"{""B"": 65}",308
3043,65,181844,181909,1051269,1051333,C,True,"{""C"": 65}",275
3044,65,181909,181974,2967,3031,B,True,"{""B"": 65}",85
3045,65,181974,182039,538133,538197,B,True,"{""B"": 65}",338
3046,65,182039,182104,482561,482625,B,True,"{""B"": 65}",124
3047,65,182104,182169,536464,536528,B,True,"{""B"": 65}",102
3048,65,182169,182234,1522178,1522242,A,True,"{""A"": 65}",318
3049,65,182234,182299,1683298,1683362,A,True,"{""A"": 65}",343
3050,65,182299,182364,918836,918900,C,True,"{""C"": 65}",214
3051,65,182364,182429,253758,253822,B,True,"{""B"": 65}",17
3052,65,182429,182494,726277,726341,C,True,"{""C"": 65}",194
3053,65,182494,182559,920563,920627,C,True,"{""C"": 65}",141
3054,65,182559,182624,1338163,1338227,A,True,"{""A"": 65}",382
3055,65,182624,182689,871897,871961,C,True,"{""C"": 65}",262
3056,65,182689,182754,270115,270179,B,True,"{""B"": 65}",351
3057,65,182754,182819,514763,514827,B,True,"{""B"": 65}",146
3058,65,182819,182884,675428,675492,C,True,"{""C"": 65}",124
3059,39,182884,182923,786659,786697,C,True,"{""C"": 39}",107
3060,65,182923,182988,188794,188858,B,True,"{""B"": 65}",250
3061,65,182988,183053,695256,695320,C,True,"{""C"": 65}",107
3062,65,183053,183118,1509771,1509835,A,True,"{""A"": 65}",214
3063,46,183118,183164,1059118,1059163,C,True,"{""C"": 46}",365
3064,44,183164,183208,612332,612375,C,True,"{""C"": 44}",335
3065,65,183208,183273,610224,610288,C,True,"{""C"": 65}",39
3066,65,183273,183338,565116,565180,B,True,"{""B"": 65}",149
3067,65,183338,183403,1612648,1612712,A,True,"{""A"": 65}",261
3068,65,183403,183468,297663,297727,B,True,"{""B"": 65}",79
3069,34,183468,183502,514440,514473,B,True,"{""B"": 34}",141
3070,65,183502,183567,370393,370457,B,True,"{""B"": 65}",336
3071,65,183567,183632,1592565,1592629,A,True,"{""A"": 65}",206
3072,65,183632,183697,413201,413265,B,True,"{""B"": 65}",11
3073,65,183697,183762,860873,860937,C,True,"{""C"": 65}",164
3074,65,183762,183827,1650210,1650274,A,True,"{""A"": 65}",129
3075,65,183827,183892,898163,898227,C,True,"{""C"": 65}",37
3076,65,183892,183957,1462149,1462213,A,True,"{""A"": 65}",327
3077,65,183957,184022,1000745,1000809,C,True,"{""C"": 65}",353
3078,65,184022,184087,150596,150660,B,True,"{""B"": 65}",338
3079,65,184087,184152,1479223,1479287,A,True,"{""A"": 65}",275
3080,65,184152,184217,993088,993152,C,True,"{""C"": 65}",8
3081,65,184217,184282,185669,185733,B,True,"{""B"": 65}",35
3082,65,184282,184347,1555301,1555365,A,True,"{""A"": 65}",193
3083,37,184347,184384,1764829,1764865,A,True,"{""A"": 37}",161
3084,65,184384,184449,89087,89151,B,True,"{""B"": 65}",35
3085,65,184449,184514,602799,602863,C,True,"{""C"": 65}",22
3086,65,184514,184579,779252,779316,C,True,"{""C"": 65}",159
3087,48,184579,184627,767820,767867,C,True,"{""C"": 48}",6
3088,65,184627,184692,126045,126109,B,True,"{""B"": 65}",186
3089,65,184692,184757,1093950,1094014,C,True,"{""C"": 65}",382
3090,65,184757,184822,142023,142087,B,True,"{""B"": 65}",181
3091,65,184822,184887,326154,326218,B,True,"{""B"": 65}",139
3092,65,184887,184952,587699,587763,B,True,"{""B"": 65}",53
3093,65,184952,185017,753204,753268,C,True,"{""C"": 65}",46
3094,65,185017,185082,1544145,1544209,A,True,"{""A"": 65}",39
3095,65,185082,185147,1349938,1350002,A,True,"{""A"": 65}",259
3096,65,185147,185212,874800,874864,C,True,"{""C"": 65}",226
3097,35,185212,185247,1301881,1301915,A,True,"{""A"": 35}",115
3098,65,185247,185312,1074006,1074070,C,True,"{""C"": 65}",102
3099,40,185312,185352,174004,174043,B,True,"{""B"": 40}",335
3100,34,185352,185386,1431964,1431997,A,True,"{""A"": 34}",96
3101,65,185386,185451,123998,124062,B,True,"{""B"": 65}",219
3102,65,185451,185516,211880,211944,B,True,"{""B"": 65}",119
3103,42,185516,185558,1272192,1272233,A,True,"{""A"": 42}",1
3104,65,185558,185623,1540043,1540107,A,True,"{""A"": 65}",60
3105,65,185623,185688,1395443,1395507,A,True,"{""A"": 65}",203
3106,65,185688,185753,1153479,1153543,C,True,"{""C"": 65}",228
3107,38,185753,185791,1006307,1006344,C,True,"{""C"": 38}",96
3108,65,185791,185856,1518444,1518508,A,True,"{""A"": 65}",40
3109,38,185856,185894,1244340,1244377,A,True,"{""A"": 38}",367
3110,65,185894,185959,270988,271052,B,True,"{""B"": 65}",371
3111,65,185959,186024,860728,860792,C,True,"{""C"": 65}",307
3112,65,186024,186089,1468110,1468174,A,True,"{""A"": 65}",130
3113,65,186089,186154,15592,15656,B,True,"{""B"": 65}",31
3114,65,186154,186219,811164,811228,C,True,"{""C"": 65}",5
3115,65,186219,186284,830600,830664,C,True,"{""C"": 65}",178
3116,65,186284,186349,945345,945409,C,True,"{""C"": 65}",386
3117,65,186349,186414,1282752,1282816,A,True,"{""A"": 65}",251
3118,65,186414,186479,1569449,1569513,A,True,"{""A"": 65}",262
3119,65,186479,186544,938915,938979,C,True,"{""C"": 65}",304
3120,65,186544,186609,137134,137198,B,True,"{""B"": 65}",261
3121,43,186609,186652,1015396,1015438,C,True,"{""C"": 43}",14
3122,34,186652,186686,1547214,1547247,A,True,"{""A"": 34}",14
3123,65,186686,186751,1097754,1097818,C,True,"{""C"": 65}",247
3124,38,186751,186789,1681605,1681642,A,True,"{""A"": 38}",14
3125,38,186789,186827,1029749,1029786,C,True,"{""C"": 38}",153
3126,65,186827,186892,1294311,1294375,A,True,"{""A"": 65}",85
3127,65,186892,186957,1682463,1682527,A,True,"{""A"": 65}",371
3128,65,186957,187022,1781797,1781861,A,True,"{""A"": 65}",50
3129,65,187022,187087,606197,606261,C,True,"{""C"": 65}",61
3130,65,187087,187152,305091,305155,B,True,"{""B"": 65}",176
3131,65,187152,187217,280980,281044,B,True,"{""B"": 65}",325
3132,65,187217,187282,206615,206679,B,True,"{""B"": 65}",160
3133,65,187282,187347,1050300,1050364,C,True,"{""C"": 65}",34
3134,65,187347,187412,983009,983073,C,True,"{""C"": 65}",64
3135,65,187412,187477,59333,59397,B,True,"{""B"": 65}",238
3136,37,187477,187514,1087330,1087366,C,True,"{""C"": 37}",154
3137,43,187514,187557,995948,995990,C,True,"{""C"": 43}",255
3138,65,187557,187622,1707602,1707666,A,True,"{""A"": 65}",139
3139,65,187622,187687,1084738,1084802,C,True,"{""C"": 65}",153
3140,65,187687,187752,997935,997999,C,True,"{""C"": 65}",347
3141,65,187752,187817,422531,422595,B,True,"{""B"": 65}",176
3142,65,187817,187882,1373766,1373830,A,True,"{""A"": 65}",35
3143,65,187882,187947,1236595,1236659,A,True,"{""A"": 65}",85
3144,65,187947,188012,181803,181867,B,True,"{""B"": 65}",343
3145,65,188012,188077,162581,162645,B,True,"{""B"": 65}",322
3146,65,188077,188142,821542,821606,C,True,"{""C"": 65}",196
3147,65,188142,188207,125659,125723,B,True,"{""B"": 65}",41
3148,65,188207,188272,418937,419001,B,True,"{""B"": 65}",87
3149,65,188272,188337,1318941,1319005,A,True,"{""A"": 65}",27
3150,65,188337,188402,226171,226235,B,True,"{""B"": 65}",31
3151,65,188402,188467,1364413,1364477,A,True,"{""A"": 65}",304
3152,65,188467,188532,1420916,1420980,A,True,"{""A"": 65}",367
3153,65,188532,188597,559443,559507,B,True,"{""B"": 65}",189
3154,65,188597,188662,1389369,1389433,A,True,"{""A"": 65}",80
3155,65,188662,188727,1103233,1103297,C,True,"{""C"": 65}",309
3156,65,188727,188792,1429170,1429234,A,True,"{""A"": 65}",166
3157,38,188792,188830,492070,492107,B,True,"{""B"": 38}",31
3158,65,188830,188895,1056629,1056693,C,True,"{""C"": 65}",216
3159,65,188895,188960,421589,421653,B,True,"{""B"": 65}",201
3160,65,188960,189025,517184,517248,B,True,"{""B"": 65}",172
3161,65,189025,189090,1192734,1192798,A,True,"{""A"": 65}",8
3162,65,189090,189155,702089,702153,C,True,"{""C"": 65}",31
3163,65,189155,189220,139762,139826,B,True,"{""B"": 65}",247
3164,65,189220,189285,973484,973548,C,True,"{""C"": 65}",228
3165,65,189285,189350,1046194,1046258,C,True,"{""C"": 65}",211
3166,65,189350,189415,1392322,1392386,A,True,"{""A"": 65}",123
3167,49,189415,189464,1155001,1155049,C,True,"{""C"": 49}",161
3168,65,189464,189529,289975,290039,B,True,"{""B"": 65}",137
3169,65,189529,189594,152816,152880,B,True,"{""B"": 65}",207
3170,65,189594,189659,929197,929261,C,True,"{""C"": 65}",75
3171,65,189659,189724,1086904,1086968,C,True,"{""C"": 65}",189
3172,35,189724,189759,972143,972177,C,True,"{""C"": 35}",123
3173,65,189759,189824,1494816,1494880,A,True,"{""A"": 65}",217
3174,65,189824,189889,1174759,1174823,C,True,"{""C"": 65}",214
3175,65,189889,189954,1111487,1111551,C,True,"{""C"": 65}",386
3176,40,189954,189994,1411603,1411642,A,True,"{""A"": 40}",214
3177,65,189994,190059,1195500,1195564,A,True,"{""A"": 65}",360
3178,40,190059,190099,172355,172394,B,True,"{""B"": 40}",81
3179,65,190099,190164,1709435,1709499,A,True,"{""A"": 65}",98
3180,65,190164,190229,1678732,1678796,A,True,"{""A"": 65}",0
3181,65,190229,190294,1011841,1011905,C,True,"{""C"": 65}",239
3182,65,190294,190359,905202,905266,C,True,"{""C"": 65}",37
3183,65,190359,190424,1271838,1271902,A,True,"{""A"": 65}",109
3184,65,190424,190489,1162847,1162911,C,True,"{""C"": 65}",279
3185,65,190489,190554,1464780,1464844,A,True,"{""A"": 65}",355
3186,47,190554,190601,1697134,1697180,A,True,"{""A"": 47}",165
3187,65,190601,190666,69687,69751,B,True,"{""B"": 65}",319
3188,46,190666,190712,300735,300780,B,True,"{""B"": 46}",60
3189,65,190712,190777,1541759,1541823,A,True,"{""A"": 65}",235
3190,65,190777,190842,1166029,1166093,C,True,"{""C"": 65}",137
3191,65,190842,190907,181298,181362,B,True,"{""B"": 65}",233
3192,65,190907,190972,650073,650137,C,True,"{""C"": 65}",197
3193,65,190972,191037,88377,88441,B,True,"{""B"": 65}",193
3194,65,191037,191102,1397509,1397573,A,True,"{""A"": 65}",258
3195,36,191102,191138,62052,62087,B,True,"{""B"": 36}",275
3196,65,191138,191203,1701773,1701837,A,True,"{""A"": 65}",279
3197,65,191203,191268,1436037,1436101,A,True,"{""A"": 65}",380
3198,65,191268,191333,319052,319116,B,True,"{""B"": 65}",130
3199,65,191333,191398,1733988,1734052,A,True,"{""A"": 65}",245
3200,43,191398,191441,484296,484338,B,True,"{""B"": 43}",377
3201,65,191441,191506,531439,531503,B,True,"{""B"": 65}",194
3202,65,191506,191571,339507,339571,B,True,"{""B"": 65}",309
3203,65,191571,191636,1193732,1193796,A,True,"{""A"": 65}",246
3204,38,191636,191674,1724536,1724573,A,True,"{""A"": 38}",73
3205,65,191674,191739,1439326,1439390,A,True,"{""A"": 65}",195
3206,65,191739,191804,1446602,1446666,A,True,"{""A"": 65}",194
3207,65,191804,191869,1306208,1306272,A,True,"{""A"": 65}",19
3208,65,191869,191934,1077698,1077762,C,True,"{""C"": 65}",346
3209,42,191934,191976,1619511,1619552,A,True,"{""A"": 42}",358
3210,65,191976,192041,1440051,1440115,A,True,"{""A"": 65}",349
3211,65,192041,192106,960661,960725,C,True,"{""C"": 65}",223
3212,65,192106,192171,981474,981538,C,True,"{""C"": 65}",138
3213,49,192171,192220,899194,899242,C,True,"{""C"": 49}",274
3214,44,192220,192264,1583654,1583697,A,True,"{""A"": 44}",243
3215,38,192264,192302,1066666,1066703,C,True,"{""C"": 38}",116
3216,65,192302,192367,899938,900002,C,True,"{""C"": 65}",162
3217,45,192367,192412,462643,462687,B,True,"{""B"": 45}",293
3218,65,192412,192477,566309,566373,B,True,"{""B"": 65}",99
3219,65,192477,192542,1628524,1628588,A,True,"{""A"": 65}",315
3220,65,192542,192607,1366972,1367036,A,True,"{""A"": 65}",237
3221,65,192607,192672,1655642,1655706,A,True,"{""A"": 65}",254
3222,65,192672,192737,224596,224660,B,True,"{""B"": 65}",100
3223,65,192737,192802,55162,55226,B,True,"{""B"": 65}",81
3224,65,192802,192867,14599,14663,B,True,"{""B"": 65}",264
3225,41,192867,192908,905000,905040,C,True,"{""C"": 41}",152
3226,65,192908,192973,1462901,1462965,A,True,"{""A"": 65}",255
3227,65,192973,193038,312339,312403,B,True,"{""B"": 65}",251
3228,65,193038,193103,511512,511576,B,True,"{""B"": 65}",257
3229,65,193103,193168,723985,724049,C,True,"{""C"": 65}",363
3230,65,193168,193233,1280414,1280478,A,True,"{""A"": 65}",199
3231,65,193233,193298,558566,558630,B,True,"{""B"": 65}",273
3232,65,193298,193363,1492233,1492297,A,True,"{""A"": 65}",242
3233,65,193363,193428,352057,352121,B,True,"{""B"": 65}",139
3234,65,193428,193493,379005,379069,B,True,"{""B"": 65}",252
3235,65,193493,193558,1452109,1452173,A,True,"{""A"": 65}",233
3236,65,193558,193623,572566,572630,B,True,"{""B"": 65}",378
3237,65,193623,193688,173808,173872,B,True,"{""B"": 65}",84
3238,65,193688,193753,580940,581004,B,True,"{""B"": 65}",110
3239,65,193753,193818,1273044,1273108,A,True,"{""A"": 65}",205
3240,65,193818,193883,1517403,1517467,A,True,"{""A"": 65}",114
3241,35,193883,193918,1677637,1677671,A,True,"{""A"": 35}",180
3242,38,193918,193956,255802,255839,B,True,"{""B"": 38}",355
3243,65,193956,194021,635209,635273,C,True,"{""C"": 65}",227
3244,65,194021,194086,1483766,1483830,A,True,"{""A"": 65}",139
3245,65,194086,194151,19507,19571,B,True,"{""B"": 65}",233
3246,65,194151,194216,566697,566761,B,True,"{""B"": 65}",255
3247,65,194216,194281,1660736,1660800,A,True,"{""A"": 65}",187
3248,65,194281,194346,401708,401772,B,True,"{""B"": 65}",197
3249,65,194346,194411,43633,43697,B,True,"{""B"": 65}",241
3250,65,194411,194476,514685,514749,B,True,"{""B"": 65}",368
3251,65,194476,194541,910196,910260,C,True,"{""C"": 65}",199
3252,65,194541,194606,784208,784272,C,True,"{""C"": 65}",227
3253,65,194606,194671,1328666,1328730,A,True,"{""A"": 65}",168
3254,65,194671,194736,91526,91590,B,True,"{""B"": 65}",48
3255,46,194736,194782,1006376,1006421,C,True,"{""C"": 46}",170
3256,65,194782,194847,1545411,1545475,A,True,"{""A"": 65}",231
3257,65,194847,194912,995836,995900,C,True,"{""C"": 65}",331
3258,65,194912,194977,17384,17448,B,True,"{""B"": 65}",368
3259,65,194977,195042,127055,127119,B,True,"{""B"": 65}",356
3260,65,195042,195107,468538,468602,B,True,"{""B"": 65}",217
3261,65,195107,195172,1287874,1287938,A,True,"{""A"": 65}",249
3262,65,195172,195237,1193977,1194041,A,True,"{""A"": 65}",261
3263,65,195237,195302,1569454,1569518,A,True,"{""A"": 65}",231
3264,65,195302,195367,744076,744140,C,True,"{""C"": 65}",180
3265,65,195367,195432,1456200,1456264,A,True,"{""A"": 65}",368
3266,65,195432,195497,1259324,1259388,A,True,"{""A"": 65}",76
3267,34,195497,195531,1174329,1174362,C,True,"{""C"": 34}",250
3268,65,195531,195596,1552769,1552833,A,True,"{""A"": 65}",232
3269,65,195596,195661,925908,925972,C,True,"{""C"": 65}",249
3270,65,195661,195726,1669182,1669246,A,True,"{""A"": 65}",261
3271,65,195726,195791,1781528,1781592,A,True,"{""A"": 65}",273
3272,65,195791,195856,1491802,1491866,A,True,"{""A"": 65}",84
3273,65,195856,195921,1687137,1687201,A,True,"{""A"": 65}",152
3274,65,195921,195986,1231288,1231352,A,True,"{""A"": 65}",350
3275,38,195986,196024,272459,272496,B,True,"{""B"": 38}",247
3276,65,196024,196089,961463,961527,C,True,"{""C"": 65}",349
3277,40,196089,196129,1646690,1646729,A,True,"{""A"": 40}",253
3278,65,196129,196194,698932,698996,C,True,"{""C"": 65}",240
3279,65,196194,196259,4464,4528,B,True,"{""B"": 65}",210
3280,65,196259,196324,1228296,1228360,A,True,"{""A"": 65}",239
3281,37,196324,196361,262719,262755,B,True,"{""B"": 37}",98
3282,65,196361,196426,1616700,1616764,A,True,"{""A"": 65}",233
3283,47,196426,196473,1701785,1701831,A,True,"{""A"": 47}",279
3284,65,196473,196538,1605798,1605862,A,True,"{""A"": 65}",232
3285,34,196538,196572,1539538,1539571,A,True,"{""A"": 34}",246
3286,65,196572,196637,252423,252487,B,True,"{""B"": 65}",220
3287,37,196637,196674,7247,7283,B,True,"{""B"": 37}",231
3288,65,196674,196739,1607732,1607796,A,True,"{""A"": 65}",111
3289,65,196739,196804,1289859,1289923,A,True,"{""A"": 65}",349
3290,65,196804,196869,859600,859664,C,True,"{""C"": 65}",246
3291,65,196869,196934,1192618,1192682,A,True,"{""A"": 65}",110
3292,65,196934,196999,1750099,1750163,A,True,"{""A"": 65}",244
3293,65,196999,197064,201491,201555,B,True,"{""B"": 65}",254
3294,65,197064,197129,1058681,1058745,C,True,"{""C"": 65}",278
3295,65,197129,197194,20655,20719,B,True,"{""B"": 65}",251
3296,65,197194,197259,592562,592626,B,True,"{""B"": 65}",250
3297,65,197259,197324,1297877,1297941,A,True,"{""A"": 65}",271
3298,65,197324,197389,46552,46616,B,True,"{""B"": 65}",364
3299,65,197389,197454,27484,27548,B,True,"{""B"": 65}",187
3300,65,197454,197519,587100,587164,B,True,"{""B"": 65}",245
3301,65,197519,197584,1314841,1314905,A,True,"{""A"": 65}",252
3302,65,197584,197649,1019716,1019780,C,True,"{""C"": 65}",268
3303,65,197649,197714,1762147,1762211,A,True,"{""A"": 65}",275
3304,65,197714,197779,1012188,1012252,C,True,"{""C"": 65}",273
3305,65,197779,197844,617988,618052,C,True,"{""C"": 65}",236
3306,65,197844,197909,1240184,1240248,A,True,"{""A"": 65}",99
3307,65,197909,197974,801587,801651,C,True,"{""C"": 65}",251
3308,65,197974,198039,504057,504121,B,True,"{""B"": 65}",181
3309,65,198039,198104,554547,554611,B,True,"{""B"": 65}",356
3310,65,198104,198169,1330939,1331003,A,True,"{""A"": 65}",259
3311,44,198169,198213,1586715,1586758,A,True,"{""A"": 44}",379
3312,65,198213,198278,1794205,1794269,A,True,"{""A"": 65}",255
3313,65,198278,198343,1171679,1171743,C,True,"{""C"": 65}",275
3314,65,198343,198408,167231,167295,B,True,"{""B"": 65}",276
3315,48,198408,198456,1456120,1456167,A,True,"{""A"": 48}",380
3316,65,198456,198521,723993,724057,C,True,"{""C"": 65}",221
3317,65,198521,198586,1162316,1162380,C,True,"{""C"": 65}",380
3318,65,198586,198651,44335,44399,B,True,"{""B"": 65}",364
3319,65,198651,198716,1429993,1430057,A,True,"{""A"": 65}",271
3320,65,198716,198781,1429998,1430062,A,True,"{""A"": 65}",350
3321,65,198781,198846,1431468,1431532,A,True,"{""A"": 65}",268
3322,65,198846,198911,255859,255923,B,True,"{""B"": 65}",268
3323,65,198911,198976,1436030,1436094,A,True,"{""A"": 65}",268
3324,65,198976,199041,814443,814507,C,True,"{""C"": 65}",42
3325,65,199041,199106,229561,229625,B,True,"{""B"": 65}",2
3326,65,199106,199171,721060,721124,C,True,"{""C"": 65}",272
3327,46,199171,199217,1248406,1248451,A,True,"{""A"": 46}",258
3328,65,199217,199282,1150051,1150115,C,True,"{""C"": 65}",350
3329,65,199282,199347,1185226,1185290,C,True,"{""C"": 65}",221
3330,43,199347,199390,899302,899344,C,True,"{""C"": 43}",221
3331,45,199390,199435,899298,899342,C,True,"{""C"": 45}",278
3332,65,199435,199500,1755701,1755765,A,True,"{""A"": 65}",62
3333,65,199500,199565,1580859,1580923,A,True,"{""A"": 65}",25
3334,65,199565,199630,953416,953480,C,True,"{""C"": 65}",372
3335,65,199630,199695,1140653,1140717,C,True,"{""C"": 65}",133
3336,65,199695,199760,1466405,1466469,A,True,"{""A"": 65}",155
3337,65,199760,199825,368324,368388,B,True,"{""B"": 65}",292
3338,36,199825,199861,262326,262361,B,True,"{""B"": 36}",121
3339,65,199861,199926,1007250,1007314,C,True,"{""C"": 65}",6
3340,65,199926,199991,1036564,1036628,C,True,"{""C"": 65}",231
3341,65,199991,200056,1060745,1060809,C,True,"{""C"": 65}",17
3342,65,200056,200121,787447,787511,C,True,"{""C"": 65}",234
3343,65,200121,200186,222853,222917,B,True,"{""B"": 65}",212
3344,65,200186,200251,1562829,1562893,A,True,"{""A"": 65}",173
3345,43,200251,200294,215143,215185,B,True,"{""B"": 43}",339
3346,65,200294,200359,761115,761179,C,True,"{""C"": 65}",85
3347,65,200359,200424,397713,397777,B,True,"{""B"": 65}",71
3348,65,200424,200489,408968,409032,B,True,"{""B"": 65}",297
3349,65,200489,200554,274278,274342,B,True,"{""B"": 65}",164
3350,65,200554,200619,1234348,1234412,A,True,"{""A"": 65}",115
3351,65,200619,200684,936405,936469,C,True,"{""C"": 65}",78
3352,65,200684,200749,370107,370171,B,True,"{""B"": 65}",29
3353,65,200749,200814,74725,74789,B,True,"{""B"": 65}",171
3354,65,200814,200879,796273,796337,C,True,"{""C"": 65}",61
3355,65,200879,200944,1362736,1362800,A,True,"{""A"": 65}",372
3356,49,200944,200993,1465039,1465087,A,True,"{""A"": 49}",185
3357,65,200993,201058,1610138,1610202,A,True,"{""A"": 65}",305
3358,65,201058,201123,904481,904545,C,True,"{""C"": 65}",140
3359,65,201123,201188,1535254,1535318,A,True,"{""A"": 65}",59
3360,65,201188,201253,386247,386311,B,True,"{""B"": 65}",119
3361,65,201253,201318,142080,142144,B,True,"{""B"": 65}",125
3362,65,201318,201383,1662846,1662910,A,True,"{""A"": 65}",136
3363,65,201383,201448,1135547,1135611,C,True,"{""C"": 65}",152
3364,65,201448,201513,767020,767084,C,True,"{""C"": 65}",214
3365,41,201513,201554,451984,452024,B,True,"{""B"": 41}",105
3366,34,201554,201588,1267830,1267863,A,True,"{""A"": 34}",147
3367,65,201588,201653,555437,555501,B,True,"{""B"": 65}",179
3368,38,201653,201691,1370087,1370124,A,True,"{""A"": 38}",292
3369,65,201691,201756,855239,855303,C,True,"{""C"": 65}",88
3370,65,201756,201821,1485051,1485115,A,True,"{""A"": 65}",131
3371,65,201821,201886,785829,785893,C,True,"{""C"": 65}",58
3372,65,201886,201951,1343764,1343828,A,True,"{""A"": 65}",69
3373,65,201951,202016,545583,545647,B,True,"{""B"": 65}",307
3374,65,202016,202081,328172,328236,B,True,"{""B"": 65}",60
3375,65,202081,202146,159949,160013,B,True,"{""B"": 65}",152
3376,65,202146,202211,1380825,1380889,A,True,"{""A"": 65}",121
3377,49,202211,202260,1183439,1183487,C,True,"{""C"": 49}",46
3378,65,202260,202325,1400535,1400599,A,True,"{""A"": 65}",4
3379,38,202325,202363,1510503,1510540,A,True,"{""A"": 38}",142
3380,65,202363,202428,1528685,1528749,A,True,"{""A"": 65}",286
3381,65,202428,202493,36795,36859,B,True,"{""B"": 65}",75
3382,65,202493,202558,332536,332600,B,True,"{""B"": 65}",52
3383,65,202558,202623,905538,905602,C,True,"{""C"": 65}",53
3384,65,202623,202688,1591358,1591422,A,True,"{""A"": 65}",382
3385,65,202688,202753,228187,228251,B,True,"{""B"": 65}",220
3386,38,202753,202791,1554080,1554117,A,True,"{""A"": 38}",20
3387,65,202791,202856,128338,128402,B,True,"{""B"": 65}",186
3388,65,202856,202921,378251,378315,B,True,"{""B"": 65}",295
3389,45,202921,202966,1585196,1585240,A,True,"{""A"": 45}",330
3390,65,202966,203031,14792,14856,B,True,"{""B"": 65}",66
3391,65,203031,203096,1231382,1231446,A,True,"{""A"": 65}",272
3392,46,203096,203142,1633887,1633932,A,True,"{""A"": 46}",90
3393,65,203142,203207,217756,217820,B,True,"{""B"": 65}",336
3394,65,203207,203272,615679,615743,C,True,"{""C"": 65}",370
3395,36,203272,203308,654791,654826,C,True,"{""C"": 36}",145
3396,42,203308,203350,1560731,1560772,A,True,"{""A"": 42}",330
3397,65,203350,203415,757577,757641,C,True,"{""C"": 65}",155
3398,65,203415,203480,186249,186313,B,True,"{""B"": 65}",144
3399,65,203480,203545,1541272,1541336,A,True,"{""A"": 65}",365
3400,65,203545,203610,1396399,1396463,A,True,"{""A"": 65}",136
3401,65,203610,203675,729196,729260,C,True,"{""C"": 65}",370
3402,65,203675,203740,192260,192324,B,True,"{""B"": 65}",302
3403,65,203740,203805,576811,576875,B,True,"{""B"": 65}",282
3404,47,203805,203852,276668,276714,B,True,"{""B"": 47}",127
3405,47,203852,203899,1172060,1172106,C,True,"{""C"": 47}",131
3406,65,203899,203964,1225950,1226014,A,True,"{""A"": 65}",52
3407,65,203964,204029,1223712,1223776,A,True,"{""A"": 65}",4
3408,65,204029,204094,1082485,1082549,C,True,"{""C"": 65}",62
3409,65,204094,204159,660824,660888,C,True,"{""C"": 65}",359
3410,65,204159,204224,2653,2717,B,True,"{""B"": 65}",283
3411,65,204224,204289,1674415,1674479,A,True,"{""A"": 65}",122
3412,65,204289,204354,1431583,1431647,A,True,"{""A"": 65}",287
3413,65,204354,204419,35915,35979,B,True,"{""B"": 65}",18
3414,65,204419,204484,22595,22659,B,True,"{""B"": 65}",113
3415,65,204484,204549,1234019,1234083,A,True,"{""A"": 65}",30
3416,48,204549,204597,873024,873071,C,True,"{""C"": 48}",286
3417,65,204597,204662,1369172,1369236,A,True,"{""A"": 65}",77
3418,65,204662,204727,1286414,1286478,A,True,"{""A"": 65}",142
3419,65,204727,204792,286206,286270,B,True,"{""B"": 65}",282
3420,65,204792,204857,1216669,1216733,A,True,"{""A"": 65}",287
3421,65,204857,204922,596865,596929,B,True,"{""B"": 65}",58
3422,65,204922,204987,1617213,1617277,A,True,"{""A"": 65}",255
3423,65,204987,205052,1585842,1585906,A,True,"{""A"": 65}",298
3424,65,205052,205117,1379592,1379656,A,True,"{""A"": 65}",161
3425,65,205117,205182,817651,817715,C,True,"{""C"": 65}",70
3426,65,205182,205247,455954,456018,B,True,"{""B"": 65}",18
3427,65,205247,205312,1028173,1028237,C,True,"{""C"": 65}",69
3428,65,205312,205377,102637,102701,B,True,"{""B"": 65}",127
3429,42,205377,205419,1153857,1153898,C,True,"{""C"": 42}",40
3430,65,205419,205484,421244,421308,B,True,"{""B"": 65}",77
3431,65,205484,205549,784275,784339,C,True,"{""C"": 65}",138
3432,37,205549,205586,1587583,1587619,A,True,"{""A"": 37}",49
3433,65,205586,205651,1270795,1270859,A,True,"{""A"": 65}",96
3434,48,205651,205699,1145628,1145675,C,True,"{""C"": 48}",6
3435,65,205699,205764,1137357,1137421,C,True,"{""C"": 65}",83
3436,65,205764,205829,844366,844430,C,True,"{""C"": 65}",11
3437,65,205829,205894,159267,159331,B,True,"{""B"": 65}",343
3438,41,205894,205935,935109,935149,C,True,"{""C"": 41}",106
3439,65,205935,206000,1747780,1747844,A,True,"{""A"": 65}",333
3440,65,206000,206065,875047,875111,C,True,"{""C"": 65}",155
3441,65,206065,206130,630852,630916,C,True,"{""C"": 65}",281
3442,45,206130,206175,300136,300180,B,True,"{""B"": 45}",309
3443,42,206175,206217,864836,864877,C,True,"{""C"": 42}",243
3444,65,206217,206282,499987,500051,B,True,"{""B"": 65}",69
3445,48,206282,206330,1174121,1174168,C,True,"{""C"": 48}",120
3446,65,206330,206395,369620,369684,B,True,"{""B"": 65}",337
3447,65,206395,206460,681003,681067,C,True,"{""C"": 65}",297
3448,65,206460,206525,915366,915430,C,True,"{""C"": 65}",66
3449,65,206525,206590,69020,69084,B,True,"{""B"": 65}",14
3450,65,206590,206655,380509,380573,B,True,"{""B"": 65}",286
3451,43,206655,206698,1470284,1470326,A,True,"{""A"": 43}",339
3452,65,206698,206763,133874,133938,B,True,"{""B"": 65}",50
3453,65,206763,206828,951905,951969,C,True,"{""C"": 65}",97
3454,65,206828,206893,1060379,1060443,C,True,"{""C"": 65}",222
3455,37,206893,206930,12896,12932,B,True,"{""B"": 37}",305
3456,45,206930,206975,1102219,1102263,C,True,"{""C"": 45}",64
3457,37,206975,207012,814219,814255,C,True,"{""C"": 37}",147
3458,65,207012,207077,470039,470103,B,True,"{""B"": 65}",210
3459,34,207077,207111,725819,725852,C,True,"{""C"": 34}",323
3460,65,207111,207176,1213019,1213083,A,True,"{""A"": 65}",88
3461,65,207176,207241,994979,995043,C,True,"{""C"": 65}",283
3462,39,207241,207280,541763,541801,B,True,"{""B"": 39}",366
3463,65,207280,207345,1651150,1651214,A,True,"{""A"": 65}",217
3464,65,207345,207410,392569,392633,B,True,"{""B"": 65}",45
3465,65,207410,207475,1053850,1053914,C,True,"{""C"": 65}",228
3466,43,207475,207518,519848,519890,B,True,"{""B"": 43}",367
3467,65,207518,207583,795358,795422,C,True,"{""C"": 65}",45
3468,65,207583,207648,994586,994650,C,True,"{""C"": 65}",45
3469,65,207648,207713,1204791,1204855,A,True,"{""A"": 65}",18
3470,65,207713,207778,1635245,1635309,A,True,"{""A"": 65}",290
3471,65,207778,207843,1375544,1375608,A,True,"{""A"": 65}",52
3472,65,207843,207908,978180,978244,C,True,"{""C"": 65}",322
3473,36,207908,207944,643025,643060,C,True,"{""C"": 36}",288
3474,65,207944,208009,1633069,1633133,A,True,"{""A"": 65}",69
3475,65,208009,208074,464541,464605,B,True,"{""B"": 65}",249
3476,65,208074,208139,1018782,1018846,C,True,"{""C"": 65}",265
3477,48,208139,208187,1393120,1393167,A,True,"{""A"": 48}",316
3478,65,208187,208252,1315706,1315770,A,True,"{""A"": 65}",55
3479,65,208252,208317,1497675,1497739,A,True,"{""A"": 65}",34
3480,36,208317,208353,1306427,1306462,A,True,"{""A"": 36}",107
3481,65,208353,208418,1738837,1738901,A,True,"{""A"": 65}",130
3482,65,208418,208483,699872,699936,C,True,"{""C"": 65}",313
3483,65,208483,208548,1505995,1506059,A,True,"{""A"": 65}",113
3484,65,208548,208613,1138938,1139002,C,True,"{""C"": 65}",33
3485,41,208613,208654,174424,174464,B,True,"{""B"": 41}",23
3486,65,208654,208719,724118,724182,C,True,"{""C"": 65}",158
3487,65,208719,208784,1268275,1268339,A,True,"{""A"": 65}",9
3488,37,208784,208821,1522232,1522268,A,True,"{""A"": 37}",367
3489,65,208821,208886,1121498,1121562,C,True,"{""C"": 65}",87
3490,65,208886,208951,339508,339572,B,True,"{""B"": 65}",309
3491,65,208951,209016,164853,164917,B,True,"{""B"": 65}",52
3492,65,209016,209081,457176,457240,B,True,"{""B"": 65}",340
3493,65,209081,209146,120723,120787,B,True,"{""B"": 65}",96
3494,65,209146,209211,1071266,1071330,C,True,"{""C"": 65}",289
3495,65,209211,209276,1732591,1732655,A,True,"{""A"": 65}",10
3496,47,209276,209323,186780,186826,B,True,"{""B"": 47}",27
3497,65,209323,209388,1603911,1603975,A,True,"{""A"": 65}",112
3498,65,209388,209453,107677,107741,B,True,"{""B"": 65}",213
3499,44,209453,209497,62683,62726,B,True,"{""B"": 44}",41
3500,65,209497,209562,107382,107446,B,True,"{""B"": 65}",59
3501,65,209562,209627,681434,681498,C,True,"{""C"": 65}",69
3502,39,209627,209666,214152,214190,B,True,"{""B"": 39}",106
3503,65,209666,209731,314360,314424,B,True,"{""B"": 65}",224
3504,65,209731,209796,1444823,1444887,A,True,"{""A"": 65}",320
3505,65,209796,209861,1526403,1526467,A,True,"{""A"": 65}",63
3506,65,209861,209926,503509,503573,B,True,"{""B"": 65}",371
3507,65,209926,209991,1083593,1083657,C,True,"{""C"": 65}",325
3508,65,209991,210056,1623315,1623379,A,True,"{""A"": 65}",353
3509,65,210056,210121,964078,964142,C,True,"{""C"": 65}",125
3510,65,210121,210186,1360173,1360237,A,True,"{""A"": 65}",146
3511,65,210186,210251,1670591,1670655,A,True,"{""A"": 65}",97
3512,65,210251,210316,1246909,1246973,A,True,"{""A"": 65}",97
3513,36,210316,210352,1063010,1063045,C,True,"{""C"": 36}",359
3514,65,210352,210417,848898,848962,C,True,"{""C"": 65}",40
3515,65,210417,210482,1266998,1267062,A,True,"{""A"": 65}",335
3516,65,210482,210547,1185772,1185836,C,True,"{""C"": 65}",292
3517,65,210547,210612,1730489,1730553,A,True,"{""A"": 65}",144
3518,65,210612,210677,951126,951190,C,True,"{""C"": 65}",335
3519,65,210677,210742,1217392,1217456,A,True,"{""A"": 65}",320
3520,65,210742,210807,903268,903332,C,True,"{""C"": 65}",307
3521,38,210807,210845,803390,803427,C,True,"{""C"": 38}",16
3522,65,210845,210910,1316064,1316128,A,True,"{""A"": 65}",1
3523,65,210910,210975,1337939,1338003,A,True,"{""A"": 65}",337
3524,65,210975,211040,808252,808316,C,True,"{""C"": 65}",18
3525,37,211040,211077,1488747,1488783,A,True,"{""A"": 37}",136
3526,34,211077,211111,956837,956870,C,True,"{""C"": 34}",25
3527,65,211111,211176,1585152,1585216,A,True,"{""A"": 65}",143
3528,47,211176,211223,942987,943033,C,True,"{""C"": 47}",128
3529,39,211223,211262,1333683,1333721,A,True,"{""A"": 39}",335
3530,65,211262,211327,1658540,1658604,A,True,"{""A"": 65}",189
3531,65,211327,211392,637638,637702,C,True,"{""C"": 65}",281
3532,65,211392,211457,1197334,1197398,A,True,"{""A"": 65}",66
3533,49,211457,211506,1540276,1540324,A,True,"{""A"": 49}",117
3534,65,211506,211571,1634754,1634818,A,True,"{""A"": 65}",257
3535,65,211571,211636,214079,214143,B,True,"{""B"": 65}",60
3536,38,211636,211674,492121,492158,B,True,"{""B"": 38}",289
3537,65,211674,211739,392769,392833,B,True,"{""B"": 65}",208
3538,65,211739,211804,819538,819602,C,True,"{""C"": 65}",223
3539,42,211804,211846,1775261,1775302,A,True,"{""A"": 42}",49
3540,65,211846,211911,43747,43811,B,True,"{""B"": 65}",114
3541,65,211911,211976,638968,639032,C,True,"{""C"": 65}",119
3542,65,211976,212041,1446819,1446883,A,True,"{""A"": 65}",283
3543,65,212041,212106,682873,682937,C,True,"{""C"": 65}",129
3544,65,212106,212171,487792,487856,B,True,"{""B"": 65}",185
3545,65,212171,212236,1708053,1708117,A,True,"{""A"": 65}",69
3546,65,212236,212301,1231989,1232053,A,True,"{""A"": 65}",355
3547,65,212301,212366,700269,700333,C,True,"{""C"": 65}",307
3548,65,212366,212431,607670,607734,C,True,"{""C"": 65}",160
3549,65,212431,212496,265824,265888,B,True,"{""B"": 65}",59
3550,42,212496,212538,688286,688327,C,True,"{""C"": 42}",147
3551,65,212538,212603,919660,919724,C,True,"{""C"": 65}",38
3552,65,212603,212668,472371,472435,B,True,"{""B"": 65}",54
3553,37,212668,212705,548153,548189,B,True,"{""B"": 37}",339
3554,65,212705,212770,1257695,1257759,A,True,"{""A"": 65}",199
3555,44,212770,212814,1021448,1021491,C,True,"{""C"": 44}",182
3556,65,212814,212879,1489009,1489073,A,True,"{""A"": 65}",196
3557,65,212879,212944,134086,134150,B,True,"{""B"": 65}",37
3558,39,212944,212983,1151233,1151271,C,True,"{""C"": 39}",362
3559,39,212983,213022,56760,56798,B,True,"{""B"": 39}",241
3560,65,213022,213087,94432,94496,B,True,"{""B"": 65}",178
3561,43,213087,213130,1195107,1195149,A,True,"{""A"": 43}",173
3562,65,213130,213195,634011,634075,C,True,"{""C"": 65}",167
3563,48,213195,213243,1535855,1535902,A,True,"{""A"": 48}",143
3564,65,213243,213308,1005581,1005645,C,True,"{""C"": 65}",32
3565,65,213308,213373,1679281,1679345,A,True,"{""A"": 65}",35
3566,65,213373,213438,966891,966955,C,True,"{""C"": 65}",370
3567,65,213438,213503,819228,819292,C,True,"{""C"": 65}",12
3568,36,213503,213539,667081,667116,C,True,"{""C"": 36}",175
3569,65,213539,213604,1632184,1632248,A,True,"{""A"": 65}",29
3570,65,213604,213669,1729144,1729208,A,True,"{""A"": 65}",39
3571,65,213669,213734,905203,905267,C,True,"{""C"": 65}",0
3572,65,213734,213799,1077368,1077432,C,True,"{""C"": 65}",47
3573,65,213799,213864,481569,481633,B,True,"{""B"": 65}",157
3574,65,213864,213929,442255,442319,B,True,"{""B"": 65}",193
3575,65,213929,213994,952410,952474,C,True,"{""C"": 65}",10
3576,65,213994,214059,553367,553431,B,True,"{""B"": 65}",157
3577,37,214059,214096,743208,743244,C,True,"{""C"": 37}",291
3578,49,214096,214145,405770,405818,B,True,"{""B"": 49}",65
3579,65,214145,214210,1233629,1233693,A,True,"{""A"": 65}",69
3580,65,214210,214275,1534355,1534419,A,True,"{""A"": 65}",123
3581,65,214275,214340,612067,612131,C,True,"{""C"": 65}",287
3582,65,214340,214405,491113,491177,B,True,"{""B"": 65}",292
3583,65,214405,214470,740449,740513,C,True,"{""C"": 65}",12
3584,65,214470,214535,235087,235151,B,True,"{""B"": 65}",318
3585,65,214535,214600,1244267,1244331,A,True,"{""A"": 65}",51
3586,65,214600,214665,463286,463350,B,True,"{""B"": 65}",188
3587,49,214665,214714,1276776,1276824,A,True,"{""A"": 49}",103
3588,65,214714,214779,1262656,1262720,A,True,"{""A"": 65}",312
3589,65,214779,214844,1171482,1171546,C,True,"{""C"": 65}",108
3590,65,214844,214909,1473758,1473822,A,True,"{""A"": 65}",235
3591,65,214909,214974,683961,684025,C,True,"{""C"": 65}",52
3592,45,214974,215019,526922,526966,B,True,"{""B"": 45}",35
3593,65,215019,215084,191975,192039,B,True,"{""B"": 65}",132
3594,34,215084,215118,829368,829401,C,True,"{""C"": 34}",375
3595,38,215118,215156,1686388,1686425,A,True,"{""A"": 38}",187
3596,65,215156,215221,832743,832807,C,True,"{""C"": 65}",22
3597,38,215221,215259,1296042,1296079,A,True,"{""A"": 38}",135
3598,65,215259,215324,1363382,1363446,A,True,"{""A"": 65}",11
3599,65,215324,215389,989086,989150,C,True,"{""C"": 65}",291
3600,65,215389,215454,1144992,1145056,C,True,"{""C"": 65}",192
3601,65,215454,215519,262061,262125,B,True,"{""B"": 65}",141
3602,42,215519,215561,1417704,1417745,A,True,"{""A"": 42}",339
3603,65,215561,215626,336952,337016,B,True,"{""B"": 65}",347
3604,65,215626,215691,695933,695997,C,True,"{""C"": 65}",218
3605,65,215691,215756,15733,15797,B,True,"{""B"": 65}",127
3606,65,215756,215821,797689,797753,C,True,"{""C"": 65}",22
3607,65,215821,215886,144341,144405,B,True,"{""B"": 65}",68
3608,35,215886,215921,165630,165664,B,True,"{""B"": 35}",253
3609,65,215921,215986,1072574,1072638,C,True,"{""C"": 65}",85
3610,44,215986,216030,1122364,1122407,C,True,"{""C"": 44}",118
3611,40,216030,216070,268253,268292,B,True,"{""B"": 40}",179
3612,65,216070,216135,128344,128408,B,True,"{""B"": 65}",53
3613,65,216135,216200,882559,882623,C,True,"{""C"": 65}",308
3614,65,216200,216265,1118931,1118995,C,True,"{""C"": 65}",191
3615,65,216265,216330,1358767,1358831,A,True,"{""A"": 65}",311
3616,65,216330,216395,1690478,1690542,A,True,"{""A"": 65}",233
3617,65,216395,216460,1082149,1082213,C,True,"{""C"": 65}",103
3618,65,216460,216525,908895,908959,C,True,"{""C"": 65}",68
3619,65,216525,216590,1562820,1562884,A,True,"{""A"": 65}",182
3620,65,216590,216655,1212446,1212510,A,True,"{""A"": 65}",149
3621,65,216655,216720,1236741,1236805,A,True,"{""A"": 65}",189
3622,65,216720,216785,1505199,1505263,A,True,"{""A"": 65}",313
3623,65,216785,216850,223610,223674,B,True,"{""B"": 65}",141
3624,65,216850,216915,65536,65600,B,True,"{""B"": 65}",35
3625,65,216915,216980,956254,956318,C,True,"{""C"": 65}",308
3626,65,216980,217045,1027428,1027492,C,True,"{""C"": 65}",275
3627,65,217045,217110,752014,752078,C,True,"{""C"": 65}",34
3628,65,217110,217175,8104,8168,B,True,"{""B"": 65}",336
3629,65,217175,217240,1239495,1239559,A,True,"{""A"": 65}",88
3630,65,217240,217305,1584533,1584597,A,True,"{""A"": 65}",38
3631,65,217305,217370,1483824,1483888,A,True,"{""A"": 65}",328
3632,38,217370,217408,1020856,1020893,C,True,"{""C"": 38}",264
3633,65,217408,217473,510598,510662,B,True,"{""B"": 65}",37
3634,39,217473,217512,342817,342855,B,True,"{""B"": 39}",189
3635,65,217512,217577,359831,359895,B,True,"{""B"": 65}",36
3636,65,217577,217642,1723392,1723456,A,True,"{""A"": 65}",240
3637,40,217642,217682,1488791,1488830,A,True,"{""A"": 40}",16
3638,65,217682,217747,1230740,1230804,A,True,"{""A"": 65}",230
3639,65,217747,217812,1040896,1040960,C,True,"{""C"": 65}",176
3640,36,217812,217848,823624,823659,C,True,"{""C"": 36}",377
3641,65,217848,217913,1446425,1446489,A,True,"{""A"": 65}",188
3642,65,217913,217978,1005146,1005210,C,True,"{""C"": 65}",312
3643,65,217978,218043,154681,154745,B,True,"{""B"": 65}",211
3644,65,218043,218108,14614,14678,B,True,"{""B"": 65}",110
3645,65,218108,218173,387177,387241,B,True,"{""B"": 65}",347
3646,65,218173,218238,275049,275113,B,True,"{""B"": 65}",185
3647,40,218238,218278,1701832,1701871,A,True,"{""A"": 40}",180
3648,65,218278,218343,1230019,1230083,A,True,"{""A"": 65}",149
3649,65,218343,218408,981939,982003,C,True,"{""C"": 65}",57
3650,65,218408,218473,271523,271587,B,True,"{""B"": 65}",356
3651,65,218473,218538,1704494,1704558,A,True,"{""A"": 65}",383
3652,65,218538,218603,1058018,1058082,C,True,"{""C"": 65}",331
3653,65,218603,218668,880895,880959,C,True,"{""C"": 65}",124
3654,65,218668,218733,191260,191324,B,True,"{""B"": 65}",149
3655,65,218733,218798,266469,266533,B,True,"{""B"": 65}",301
3656,65,218798,218863,1013606,1013670,C,True,"{""C"": 65}",127
3657,65,218863,218928,733675,733739,C,True,"{""C"": 65}",203
3658,65,218928,218993,89302,89366,B,True,"{""B"": 65}",16
3659,65,218993,219058,935757,935821,C,True,"{""C"": 65}",115
3660,65,219058,219123,1564144,1564208,A,True,"{""A"": 65}",341
3661,65,219123,219188,1473755,1473819,A,True,"{""A"": 65}",289
3662,65,219188,219253,246205,246269,B,True,"{""B"": 65}",6
3663,39,219253,219292,300197,300235,B,True,"{""B"": 39}",325
3664,65,219292,219357,762902,762966,C,True,"{""C"": 65}",265
3665,65,219357,219422,1197669,1197733,A,True,"{""A"": 65}",189
3666,65,219422,219487,630288,630352,C,True,"{""C"": 65}",197
3667,65,219487,219552,836104,836168,C,True,"{""C"": 65}",190
3668,65,219552,219617,1142094,1142158,C,True,"{""C"": 65}",87
3669,65,219617,219682,793128,793192,C,True,"{""C"": 65}",34
3670,36,219682,219718,1394991,1395026,A,True,"{""A"": 36}",161
3671,65,219718,219783,1162835,1162899,C,True,"{""C"": 65}",98
3672,40,219783,219823,163597,163636,B,True,"{""B"": 40}",182
3673,65,219823,219888,1089298,1089362,C,True,"{""C"": 65}",22
3674,65,219888,219953,757268,757332,C,True,"{""C"": 65}",222
3675,65,219953,220018,1611467,1611531,A,True,"{""A"": 65}",284
3676,43,220018,220061,1162107,1162149,C,True,"{""C"": 43}",110
3677,65,220061,220126,949289,949353,C,True,"{""C"": 65}",34
3678,65,220126,220191,609233,609297,C,True,"{""C"": 65}",183
3679,47,220191,220238,404101,404147,B,True,"{""B"": 47}",64
3680,65,220238,220303,450256,450320,B,True,"{""B"": 65}",235
3681,65,220303,220368,222210,222274,B,True,"{""B"": 65}",119
3682,65,220368,220433,587682,587746,B,True,"{""B"": 65}",64
3683,65,220433,220498,1425820,1425884,A,True,"{""A"": 65}",102
3684,65,220498,220563,1773526,1773590,A,True,"{""A"": 65}",137
3685,65,220563,220628,1210814,1210878,A,True,"{""A"": 65}",6
3686,65,220628,220693,1115474,1115538,C,True,"{""C"": 65}",34
3687,65,220693,220758,1242054,1242118,A,True,"{""A"": 65}",68
3688,65,220758,220823,1162844,1162908,C,True,"{""C"": 65}",279
3689,36,220823,220859,404648,404683,B,True,"{""B"": 36}",80
3690,65,220859,220924,1459973,1460037,A,True,"{""A"": 65}",167
3691,65,220924,220989,1458313,1458377,A,True,"{""A"": 65}",387
3692,65,220989,221054,1187832,1187896,C,True,"{""C"": 65}",239
3693,65,221054,221119,1339755,1339819,A,True,"{""A"": 65}",225
3694,65,221119,221184,1170382,1170446,C,True,"{""C"": 65}",310
3695,65,221184,221249,1127824,1127888,C,True,"{""C"": 65}",344
3696,46,221249,221295,470715,470760,B,True,"{""B"": 46}",96
3697,65,221295,221360,832386,832450,C,True,"{""C"": 65}",309
3698,49,221360,221409,787741,787789,C,True,"{""C"": 49}",173
3699,65,221409,221474,966495,966559,C,True,"{""C"": 65}",143
3700,49,221474,221523,948028,948076,C,True,"{""C"": 49}",173
3701,65,221523,221588,1159039,1159103,C,True,"{""C"": 65}",192
3702,65,221588,221653,104420,104484,B,True,"{""B"": 65}",233
3703,65,221653,221718,1477170,1477234,A,True,"{""A"": 65}",360
3704,41,221718,221759,982693,982733,C,True,"{""C"": 41}",358
3705,44,221759,221803,1041551,1041594,C,True,"{""C"": 44}",354
3706,65,221803,221868,365918,365982,B,True,"{""B"": 65}",181
3707,65,221868,221933,822337,822401,C,True,"{""C"": 65}",208
3708,42,221933,221975,1463872,1463913,A,True,"{""A"": 42}",247
3709,39,221975,222014,543463,543501,B,True,"{""B"": 39}",35
3710,65,222014,222079,1116818,1116882,C,True,"{""C"": 65}",258
3711,65,222079,222144,170531,170595,B,True,"{""B"": 65}",237
3712,65,222144,222209,1233734,1233798,A,True,"{""A"": 65}",201
3713,65,222209,222274,208162,208226,B,True,"{""B"": 65}",200
3714,65,222274,222339,1447106,1447170,A,True,"{""A"": 65}",72
3715,42,222339,222381,340304,340345,B,True,"{""B"": 42}",218
3716,65,222381,222446,1499133,1499197,A,True,"{""A"": 65}",212
3717,65,222446,222511,1777358,1777422,A,True,"{""A"": 65}",264
3718,65,222511,222576,1179101,1179165,C,True,"{""C"": 65}",0
3719,65,222576,222641,645547,645611,C,True,"{""C"": 65}",309
3720,65,222641,222706,160218,160282,B,True,"{""B"": 65}",166
3721,49,222706,222755,1470810,1470858,A,True,"{""A"": 49}",344
3722,65,222755,222820,1086028,1086092,C,True,"{""C"": 65}",27
3723,65,222820,222885,1431141,1431205,A,True,"{""A"": 65}",114
3724,65,222885,222950,220285,220349,B,True,"{""B"": 65}",196
3725,65,222950,223015,364005,364069,B,True,"{""B"": 65}",212
3726,65,223015,223080,95411,95475,B,True,"{""B"": 65}",342
3727,65,223080,223145,1523159,1523223,A,True,"{""A"": 65}",5
3728,65,223145,223210,659134,659198,C,True,"{""C"": 65}",27
3729,36,223210,223246,1697107,1697142,A,True,"{""A"": 36}",31
3730,65,223246,223311,732583,732647,C,True,"{""C"": 65}",230
3731,65,223311,223376,1695737,1695801,A,True,"{""A"": 65}",225
3732,65,223376,223441,481037,481101,B,True,"{""B"": 65}",166
3733,65,223441,223506,917345,917409,C,True,"{""C"": 65}",256
3734,65,223506,223571,185283,185347,B,True,"{""B"": 65}",332
3735,65,223571,223636,688422,688486,C,True,"{""C"": 65}",137
3736,65,223636,223701,53265,53329,B,True,"{""B"": 65}",96
3737,65,223701,223766,908132,908196,C,True,"{""C"": 65}",127
3738,65,223766,223831,524453,524517,B,True,"{""B"": 65}",190
3739,65,223831,223896,1425013,1425077,A,True,"{""A"": 65}",72
3740,65,223896,223961,892712,892776,C,True,"{""C"": 65}",166
3741,65,223961,224026,545930,545994,B,True,"{""B"": 65}",193
3742,40,224026,224066,503761,503800,B,True,"{""B"": 40}",297
3743,34,224066,224100,723188,723221,C,True,"{""C"": 34}",359
3744,65,224100,224165,1156931,1156995,C,True,"{""C"": 65}",209
3745,65,224165,224230,80517,80581,B,True,"{""B"": 65}",163
3746,65,224230,224295,614526,614590,C,True,"{""C"": 65}",355
3747,65,224295,224360,1148497,1148561,C,True,"{""C"": 65}",214
3748,65,224360,224425,60881,60945,B,True,"{""B"": 65}",96
3749,65,224425,224490,744620,744684,C,True,"{""C"": 65}",209
3750,65,224490,224555,1733985,1734049,A,True,"{""A"": 65}",269
3751,65,224555,224620,173811,173875,B,True,"{""B"": 65}",177
3752,65,224620,224685,1582028,1582092,A,True,"{""A"": 65}",358
3753,65,224685,224750,1497964,1498028,A,True,"{""A"": 65}",264
3754,65,224750,224815,70738,70802,B,True,"{""B"": 65}",190
3755,65,224815,224880,1686318,1686382,A,True,"{""A"": 65}",187
3756,37,224880,224917,1236661,1236697,A,True,"{""A"": 37}",236
3757,65,224917,224982,43229,43293,B,True,"{""B"": 65}",27
3758,65,224982,225047,1166417,1166481,C,True,"{""C"": 65}",240
3759,65,225047,225112,630286,630350,C,True,"{""C"": 65}",197
3760,65,225112,225177,982744,982808,C,True,"{""C"": 65}",178
3761,65,225177,225242,1162001,1162065,C,True,"{""C"": 65}",202
3762,65,225242,225307,1042261,1042325,C,True,"{""C"": 65}",166
3763,34,225307,225341,1754746,1754779,A,True,"{""A"": 34}",75
3764,65,225341,225406,910602,910666,C,True,"{""C"": 65}",75
3765,65,225406,225471,1637542,1637606,A,True,"{""A"": 65}",56
3766,65,225471,225536,1537522,1537586,A,True,"{""A"": 65}",361
3767,65,225536,225601,1426428,1426492,A,True,"{""A"": 65}",274
3768,47,225601,225648,184608,184654,B,True,"{""B"": 47}",204
3769,65,225648,225713,64997,65061,B,True,"{""B"": 65}",233
3770,65,225713,225778,1607754,1607818,A,True,"{""A"": 65}",81
3771,65,225778,225843,151982,152046,B,True,"{""B"": 65}",334
3772,65,225843,225908,390679,390743,B,True,"{""B"": 65}",84
3773,65,225908,225973,1781649,1781713,A,True,"{""A"": 65}",240
3774,65,225973,226038,904295,904359,C,True,"{""C"": 65}",102
3775,65,226038,226103,1744757,1744821,A,True,"{""A"": 65}",262
3776,65,226103,226168,778715,778779,C,True,"{""C"": 65}",337
3777,65,226168,226233,1792054,1792118,A,True,"{""A"": 65}",204
3778,65,226233,226298,64476,64540,B,True,"{""B"": 65}",181
3779,65,226298,226363,877939,878003,C,True,"{""C"": 65}",222
3780,65,226363,226428,1668525,1668589,A,True,"{""A"": 65}",56
3781,65,226428,226493,1628533,1628597,A,True,"{""A"": 65}",231
3782,65,226493,226558,519507,519571,B,True,"{""B"": 65}",48
3783,65,226558,226623,125239,125303,B,True,"{""B"": 65}",259
3784,65,226623,226688,1615830,1615894,A,True,"{""A"": 65}",246
3785,65,226688,226753,592395,592459,B,True,"{""B"": 65}",293
3786,65,226753,226818,925912,925976,C,True,"{""C"": 65}",279
3787,34,226818,226852,333283,333316,B,True,"{""B"": 34}",169
3788,47,226852,226899,1044801,1044847,C,True,"{""C"": 47}",210
3789,65,226899,226964,286340,286404,B,True,"{""B"": 65}",368
3790,65,226964,227029,468466,468530,B,True,"{""B"": 65}",361
3791,41,227029,227070,1520581,1520621,A,True,"{""A"": 41}",98
3792,65,227070,227135,252417,252481,B,True,"{""B"": 65}",220
3793,44,227135,227179,1508080,1508123,A,True,"{""A"": 44}",98
3794,65,227179,227244,1762038,1762102,A,True,"{""A"": 65}",269
3795,65,227244,227309,616895,616959,C,True,"{""C"": 65}",252
3796,65,227309,227374,174461,174525,B,True,"{""B"": 65}",76
3797,45,227374,227419,995947,995991,C,True,"{""C"": 45}",251
3798,65,227419,227484,315918,315982,B,True,"{""B"": 65}",225
3799,65,227484,227549,473768,473832,B,True,"{""B"": 65}",180
3800,44,227549,227593,63442,63485,B,True,"{""B"": 44}",110
3801,65,227593,227658,319975,320039,B,True,"{""B"": 65}",168
3802,45,227658,227703,492410,492454,B,True,"{""B"": 45}",150
3803,65,227703,227768,233220,233284,B,True,"{""B"": 65}",331
3804,65,227768,227833,55164,55228,B,True,"{""B"": 65}",264
3805,65,227833,227898,1179595,1179659,C,True,"{""C"": 65}",114
3806,65,227898,227963,626588,626652,C,True,"{""C"": 65}",169
3807,65,227963,228028,664486,664550,C,True,"{""C"": 65}",227
3808,65,228028,228093,924585,924649,C,True,"{""C"": 65}",180
3809,65,228093,228158,1644448,1644512,A,True,"{""A"": 65}",207
3810,65,228158,228223,964954,965018,C,True,"{""C"": 65}",168
3811,65,228223,228288,73471,73535,B,True,"{""B"": 65}",84
3812,37,228288,228325,531150,531186,B,True,"{""B"": 37}",48
3813,39,228325,228364,1140256,1140294,C,True,"{""C"": 39}",220
3814,65,228364,228429,1735291,1735355,A,True,"{""A"": 65}",333
3815,65,228429,228494,1490311,1490375,A,True,"{""A"": 65}",334
3816,65,228494,228559,1141918,1141982,C,True,"{""C"": 65}",75
3817,65,228559,228624,1164445,1164509,C,True,"{""C"": 65}",362
3818,65,228624,228689,1019485,1019549,C,True,"{""C"": 65}",181
3819,41,228689,228730,1794276,1794316,A,True,"{""A"": 41}",249
3820,65,228730,228795,763534,763598,C,True,"{""C"": 65}",368
3821,65,228795,228860,634609,634673,C,True,"{""C"": 65}",168
3822,65,228860,228925,1529406,1529470,A,True,"{""A"": 65}",146
3823,65,228925,228990,1112032,1112096,C,True,"{""C"": 65}",263
3824,65,228990,229055,807721,807785,C,True,"{""C"": 65}",232
3825,65,229055,229120,1062145,1062209,C,True,"{""C"": 65}",356
3826,65,229120,229185,1356236,1356300,A,True,"{""A"": 65}",386
3827,65,229185,229250,16678,16742,B,True,"{""B"": 65}",248
3828,65,229250,229315,1431467,1431531,A,True,"{""A"": 65}",205
3829,65,229315,229380,675530,675594,C,True,"{""C"": 65}",364
3830,40,229380,229420,1399316,1399355,A,True,"{""A"": 40}",169
3831,65,229420,229485,959779,959843,C,True,"{""C"": 65}",250
3832,45,229485,229530,1659773,1659817,A,True,"{""A"": 45}",211
3833,65,229530,229595,1424398,1424462,A,True,"{""A"": 65}",81
3834,65,229595,229660,54850,54914,B,True,"{""B"": 65}",263
3835,65,229660,229725,1535686,1535750,A,True,"{""A"": 65}",256
3836,65,229725,229790,328272,328336,B,True,"{""B"": 65}",279
3837,49,229790,229839,603526,603574,C,True,"{""C"": 49}",244
3838,65,229839,229904,1762958,1763022,A,True,"{""A"": 65}",269
3839,65,229904,229969,39718,39782,B,True,"{""B"": 65}",195
3840,65,229969,230034,1599742,1599806,A,True,"{""A"": 65}",269
3841,65,230034,230099,1401627,1401691,A,True,"{""A"": 65}",289
3842,65,230099,230164,619182,619246,C,True,"{""C"": 65}",358
3843,65,230164,230229,1595733,1595797,A,True,"{""A"": 65}",246
3844,65,230229,230294,172494,172558,B,True,"{""B"": 65}",73
3845,65,230294,230359,703237,703301,C,True,"{""C"": 65}",261
3846,65,230359,230424,837212,837276,C,True,"{""C"": 65}",2
3847,43,230424,230467,77202,77244,B,True,"{""B"": 43}",180
3848,65,230467,230532,152812,152876,B,True,"{""B"": 65}",315
3849,36,230532,230568,1780791,1780826,A,True,"{""A"": 36}",273
3850,47,230568,230615,272439,272485,B,True,"{""B"": 47}",170
3851,65,230615,230680,283918,283982,B,True,"{""B"": 65}",218
3852,65,230680,230745,716515,716579,C,True,"{""C"": 65}",114
3853,65,230745,230810,1637150,1637214,A,True,"{""A"": 65}",241
3854,65,230810,230875,1441084,1441148,A,True,"{""A"": 65}",210
3855,65,230875,230940,548926,548990,B,True,"{""B"": 65}",233
3856,65,230940,231005,267409,267473,B,True,"{""B"": 65}",242
3857,65,231005,231070,129103,129167,B,True,"{""B"": 65}",359
3858,65,231070,231135,1701910,1701974,A,True,"{""A"": 65}",233
3859,65,231135,231200,1062990,1063054,C,True,"{""C"": 65}",169
3860,65,231200,231265,1776905,1776969,A,True,"{""A"": 65}",333
3861,41,231265,231306,1491823,1491863,A,True,"{""A"": 41}",110
3862,65,231306,231371,566701,566765,B,True,"{""B"": 65}",252
3863,65,231371,231436,914071,914135,C,True,"{""C"": 65}",267
3864,45,231436,231481,1123897,1123941,C,True,"{""C"": 45}",244
3865,65,231481,231546,139020,139084,B,True,"{""B"": 65}",48
3866,65,231546,231611,900230,900294,C,True,"{""C"": 65}",187
3867,65,231611,231676,914072,914136,C,True,"{""C"": 65}",259
3868,49,231676,231725,1008757,1008805,C,True,"{""C"": 49}",197
3869,65,231725,231790,1148049,1148113,C,True,"{""C"": 65}",236
3870,65,231790,231855,1337677,1337741,A,True,"{""A"": 65}",162
3871,65,231855,231920,1628849,1628913,A,True,"{""A"": 65}",258
3872,65,231920,231985,439045,439109,B,True,"{""B"": 65}",48
3873,65,231985,232050,270576,270640,B,True,"{""B"": 65}",357
3874,65,232050,232115,1287813,1287877,A,True,"{""A"": 65}",150
3875,41,232115,232156,468406,468446,B,True,"{""B"": 41}",170
3876,65,232156,232221,686208,686272,C,True,"{""C"": 65}",263
3877,65,232221,232286,1352581,1352645,A,True,"{""A"": 65}",252
3878,65,232286,232351,124864,124928,B,True,"{""B"": 65}",221
3879,65,232351,232416,544297,544361,B,True,"{""B"": 65}",150
3880,40,232416,232456,1014480,1014519,C,True,"{""C"": 40}",273
3881,37,232456,232493,505601,505637,B,True,"{""B"": 37}",150
3882,65,232493,232558,299693,299757,B,True,"{""B"": 65}",251
3883,36,232558,232594,1426242,1426277,A,True,"{""A"": 36}",270
3884,65,232594,232659,954091,954155,C,True,"{""C"": 65}",201
3885,47,232659,232706,761165,761211,C,True,"{""C"": 47}",272
3886,65,232706,232771,1499956,1500020,A,True,"{""A"": 65}",267
3887,65,232771,232836,769136,769200,C,True,"{""C"": 65}",205
3888,65,232836,232901,520992,521056,B,True,"{""B"": 65}",42
3889,45,232901,232946,433253,433297,B,True,"{""B"": 45}",355
3890,48,232946,232994,1458318,1458365,A,True,"{""A"": 48}",278
3891,65,232994,233059,1275282,1275346,A,True,"{""A"": 65}",236
3892,44,233059,233103,1747442,1747485,A,True,"{""A"": 44}",380
3893,65,233103,233168,137480,137544,B,True,"{""B"": 65}",355
3894,65,233168,233233,40640,40704,B,True,"{""B"": 65}",276
3895,43,233233,233276,1260992,1261034,A,True,"{""A"": 43}",277
3896,65,233276,233341,1397513,1397577,A,True,"{""A"": 65}",258
3897,65,233341,233406,613551,613615,C,True,"{""C"": 65}",42
3898,45,233406,233451,1458330,1458374,A,True,"{""A"": 45}",276
3899,65,233451,233516,1757411,1757475,A,True,"{""A"": 65}",24
3900,65,233516,233581,837216,837280,C,True,"{""C"": 65}",355
3901,65,233581,233646,393160,393224,B,True,"{""B"": 65}",355
3902,65,233646,233711,977709,977773,C,True,"{""C"": 65}",294
3903,65,233711,233776,1481210,1481274,A,True,"{""A"": 65}",202
3904,65,233776,233841,259177,259241,B,True,"{""B"": 65}",357
3905,48,233841,233889,841093,841140,C,True,"{""C"": 48}",294
3906,65,233889,233954,1400229,1400293,A,True,"{""A"": 65}",303
3907,65,233954,234019,200804,200868,B,True,"{""B"": 65}",44
3908,65,234019,234084,1608781,1608845,A,True,"{""A"": 65}",1
3909,35,234084,234119,1275114,1275148,A,True,"{""A"": 35}",132
3910,65,234119,234184,954405,954469,C,True,"{""C"": 65}",176
3911,47,234184,234231,781344,781390,C,True,"{""C"": 47}",132
3912,65,234231,234296,847392,847456,C,True,"{""C"": 65}",149
3913,65,234296,234361,228486,228550,B,True,"{""B"": 65}",301
3914,49,234361,234410,790665,790713,C,True,"{""C"": 49}",308
3915,65,234410,234475,1652153,1652217,A,True,"{""A"": 65}",225
3916,65,234475,234540,304703,304767,B,True,"{""B"": 65}",60
3917,65,234540,234605,1391453,1391517,A,True,"{""A"": 65}",44
3918,65,234605,234670,720249,720313,C,True,"{""C"": 65}",130
3919,49,234670,234719,771062,771110,C,True,"{""C"": 49}",47
3920,65,234719,234784,1351069,1351133,A,True,"{""A"": 65}",83
3921,65,234784,234849,523589,523653,B,True,"{""B"": 65}",287
3922,35,234849,234884,410533,410567,B,True,"{""B"": 35}",286
3923,36,234884,234920,1114866,1114901,C,True,"{""C"": 36}",157
3924,65,234920,234985,1104461,1104525,C,True,"{""C"": 65}",313
3925,38,234985,235023,1368326,1368363,A,True,"{""A"": 38}",316
3926,65,235023,235088,855541,855605,C,True,"{""C"": 65}",285
3927,65,235088,235153,1770664,1770728,A,True,"{""A"": 65}",47
3928,65,235153,235218,366606,366670,B,True,"{""B"": 65}",136
3929,65,235218,235283,1488628,1488692,A,True,"{""A"": 65}",209
3930,42,235283,235325,652188,652229,C,True,"{""C"": 42}",3
3931,65,235325,235390,685973,686037,C,True,"{""C"": 65}",112
3932,65,235390,235455,973576,973640,C,True,"{""C"": 65}",121
3933,65,235455,235520,1230186,1230250,A,True,"{""A"": 65}",79
3934,65,235520,235585,1430124,1430188,A,True,"{""A"": 65}",10
3935,37,235585,235622,1162901,1162937,C,True,"{""C"": 37}",211
3936,65,235622,235687,543763,543827,B,True,"{""B"": 65}",3
3937,65,235687,235752,4856,4920,B,True,"{""B"": 65}",102
3938,35,235752,235787,433527,433561,B,True,"{""B"": 35}",41
3939,65,235787,235852,420852,420916,B,True,"{""B"": 65}",148
3940,65,235852,235917,1601732,1601796,A,True,"{""A"": 65}",5
3941,65,235917,235982,176485,176549,B,True,"{""B"": 65}",141
3942,65,235982,236047,480866,480930,B,True,"{""B"": 65}",20
3943,65,236047,236112,794162,794226,C,True,"{""C"": 65}",130
3944,65,236112,236177,1737682,1737746,A,True,"{""A"": 65}",122
3945,38,236177,236215,1755502,1755539,A,True,"{""A"": 38}",384
3946,65,236215,236280,1031732,1031796,C,True,"{""C"": 65}",238
3947,37,236280,236317,1514549,1514585,A,True,"{""A"": 37}",120
3948,65,236317,236382,1394784,1394848,A,True,"{""A"": 65}",326
3949,65,236382,236447,1076327,1076391,C,True,"{""C"": 65}",44
3950,65,236447,236512,1452064,1452128,A,True,"{""A"": 65}",110
3951,41,236512,236553,1272244,1272284,A,True,"{""A"": 41}",184
3952,65,236553,236618,1688970,1689034,A,True,"{""A"": 65}",188
3953,65,236618,236683,1014315,1014379,C,True,"{""C"": 65}",55
3954,65,236683,236748,1680802,1680866,A,True,"{""A"": 65}",53
3955,46,236748,236794,1132841,1132886,C,True,"{""C"": 46}",141
3956,65,236794,236859,1227101,1227165,A,True,"{""A"": 65}",250
3957,65,236859,236924,1565145,1565209,A,True,"{""A"": 65}",83
3958,65,236924,236989,883881,883945,C,True,"{""C"": 65}",34
3959,65,236989,237054,8669,8733,B,True,"{""B"": 65}",51
3960,37,237054,237091,1123330,1123366,C,True,"{""C"": 37}",310
3961,43,237091,237134,1631318,1631360,A,True,"{""A"": 43}",361
3962,65,237134,237199,1015361,1015425,C,True,"{""C"": 65}",367
3963,65,237199,237264,1331341,1331405,A,True,"{""A"": 65}",329
3964,40,237264,237304,456545,456584,B,True,"{""B"": 40}",285
3965,65,237304,237369,733236,733300,C,True,"{""C"": 65}",352
3966,65,237369,237434,1029649,1029713,C,True,"{""C"": 65}",337
3967,65,237434,237499,1323909,1323973,A,True,"{""A"": 65}",83
3968,65,237499,237564,1181911,1181975,C,True,"{""C"": 65}",140
3969,43,237564,237607,1679439,1679481,A,True,"{""A"": 43}",46
3970,65,237607,237672,1645977,1646041,A,True,"{""A"": 65}",190
3971,65,237672,237737,1697009,1697073,A,True,"{""A"": 65}",62
3972,65,237737,237802,1110761,1110825,C,True,"{""C"": 65}",3
3973,65,237802,237867,1752240,1752304,A,True,"{""A"": 65}",194
3974,65,237867,237932,848687,848751,C,True,"{""C"": 65}",54
3975,65,237932,237997,566756,566820,B,True,"{""B"": 65}",140
3976,65,237997,238062,305028,305092,B,True,"{""B"": 65}",137
3977,65,238062,238127,341220,341284,B,True,"{""B"": 65}",284
3978,65,238127,238192,174827,174891,B,True,"{""B"": 65}",10
3979,42,238192,238234,647705,647746,C,True,"{""C"": 42}",80
3980,65,238234,238299,73816,73880,B,True,"{""B"": 65}",193
3981,39,238299,238338,1598888,1598926,A,True,"{""A"": 39}",153
3982,65,238338,238403,1716175,1716239,A,True,"{""A"": 65}",154
3983,65,238403,238468,1390451,1390515,A,True,"{""A"": 65}",140
3984,65,238468,238533,529092,529156,B,True,"{""B"": 65}",325
3985,35,238533,238568,1114326,1114360,C,True,"{""C"": 35}",16
3986,65,238568,238633,211168,211232,B,True,"{""B"": 65}",192
3987,65,238633,238698,44428,44492,B,True,"{""B"": 65}",124
3988,65,238698,238763,1665181,1665245,A,True,"{""A"": 65}",327
3989,35,238763,238798,1175750,1175784,C,True,"{""C"": 35}",132
3990,65,238798,238863,1470632,1470696,A,True,"{""A"": 65}",329
3991,38,238863,238901,221358,221395,B,True,"{""B"": 38}",152
3992,65,238901,238966,1154028,1154092,C,True,"{""C"": 65}",47
3993,44,238966,239010,1550997,1551040,A,True,"{""A"": 44}",148
3994,65,239010,239075,509928,509992,B,True,"{""B"": 65}",335
3995,65,239075,239140,1666887,1666951,A,True,"{""A"": 65}",141
3996,37,239140,239177,373063,373099,B,True,"{""B"": 37}",198
3997,47,239177,239224,550618,550664,B,True,"{""B"": 47}",152
3998,46,239224,239270,291094,291139,B,True,"{""B"": 46}",126
3999,65,239270,239335,1607320,1607384,A,True,"{""A"": 65}",29
4000,65,239335,239400,390927,390991,B,True,"{""B"": 65}",303
4001,47,239400,239447,1386691,1386737,A,True,"{""A"": 47}",1
4002,65,239447,239512,1776833,1776897,A,True,"{""A"": 65}",114
4003,65,239512,239577,811990,812054,C,True,"{""C"": 65}",72
4004,65,239577,239642,1542874,1542938,A,True,"{""A"": 65}",377
4005,65,239642,239707,1217698,1217762,A,True,"{""A"": 65}",139
4006,65,239707,239772,519605,519669,B,True,"{""B"": 65}",235
4007,65,239772,239837,491982,492046,B,True,"{""B"": 65}",40
4008,65,239837,239902,271319,271383,B,True,"{""B"": 65}",126
4009,65,239902,239967,717493,717557,C,True,"{""C"": 65}",61
4010,65,239967,240032,1722620,1722684,A,True,"{""A"": 65}",97
4011,65,240032,240097,425126,425190,B,True,"{""B"": 65}",202
4012,44,240097,240141,1456748,1456791,A,True,"{""A"": 44}",324
4013,65,240141,240206,334689,334753,B,True,"{""B"": 65}",150
4014,65,240206,240271,879614,879678,C,True,"{""C"": 65}",124
4015,65,240271,240336,656763,656827,C,True,"{""C"": 65}",335
4016,65,240336,240401,1405537,1405601,A,True,"{""A"": 65}",104
4017,65,240401,240466,1134051,1134115,C,True,"{""C"": 65}",103
4018,65,240466,240531,1338081,1338145,A,True,"{""A"": 65}",149
4019,65,240531,240596,727124,727188,C,True,"{""C"": 65}",245
4020,44,240596,240640,1680240,1680283,A,True,"{""A"": 44}",11
4021,65,240640,240705,1591980,1592044,A,True,"{""A"": 65}",160
4022,65,240705,240770,1020317,1020381,C,True,"{""C"": 65}",382
4023,65,240770,240835,1129478,1129542,C,True,"{""C"": 65}",189
4024,44,240835,240879,313372,313415,B,True,"{""B"": 44}",20
4025,34,240879,240913,109074,109107,B,True,"{""B"": 34}",81
4026,65,240913,240978,542314,542378,B,True,"{""B"": 65}",298
4027,65,240978,241043,156520,156584,B,True,"{""B"": 65}",317
4028,65,241043,241108,310759,310823,B,True,"{""B"": 65}",301
4029,45,241108,241153,1579271,1579315,A,True,"{""A"": 45}",365
4030,65,241153,241218,1018048,1018112,C,True,"{""C"": 65}",290
4031,65,241218,241283,1082229,1082293,C,True,"{""C"": 65}",6
4032,65,241283,241348,1492522,1492586,A,True,"{""A"": 65}",292
4033,65,241348,241413,1227980,1228044,A,True,"{""A"": 65}",4
4034,65,241413,241478,388880,388944,B,True,"{""B"": 65}",52
4035,65,241478,241543,694772,694836,C,True,"{""C"": 65}",301
4036,65,241543,241608,179073,179137,B,True,"{""B"": 65}",151
4037,65,241608,241673,912403,912467,C,True,"{""C"": 65}",27
4038,65,241673,241738,1315925,1315989,A,True,"{""A"": 65}",35
4039,65,241738,241803,1327807,1327871,A,True,"{""A"": 65}",302
4040,45,241803,241848,420031,420075,B,True,"{""B"": 45}",299
4041,40,241848,241888,1635096,1635135,A,True,"{""A"": 40}",25
4042,34,241888,241922,1231016,1231049,A,True,"{""A"": 34}",78
4043,65,241922,241987,1533455,1533519,A,True,"{""A"": 65}",296
4044,65,241987,242052,1663630,1663694,A,True,"{""A"": 65}",224
4045,65,242052,242117,516893,516957,B,True,"{""B"": 65}",224
4046,65,242117,242182,492740,492804,B,True,"{""B"": 65}",296
4047,34,242182,242216,315184,315217,B,True,"{""B"": 34}",105
4048,65,242216,242281,1291136,1291200,A,True,"{""A"": 65}",166
4049,65,242281,242346,731299,731363,C,True,"{""C"": 65}",178
4050,65,242346,242411,1265111,1265175,A,True,"{""A"": 65}",112
4051,65,242411,242476,1087459,1087523,C,True,"{""C"": 65}",165
4052,65,242476,242541,578021,578085,B,True,"{""B"": 65}",58
4053,65,242541,242606,1321930,1321994,A,True,"{""A"": 65}",44
4054,65,242606,242671,249760,249824,B,True,"{""B"": 65}",33
4055,65,242671,242736,454382,454446,B,True,"{""B"": 65}",130
4056,65,242736,242801,921799,921863,C,True,"{""C"": 65}",92
4057,40,242801,242841,1018541,1018580,C,True,"{""C"": 40}",216
4058,46,242841,242887,133768,133813,B,True,"{""B"": 46}",133
4059,41,242887,242928,1145673,1145713,C,True,"{""C"": 41}",20
4060,65,242928,242993,1018234,1018298,C,True,"{""C"": 65}",117
4061,65,242993,243058,1518174,1518238,A,True,"{""A"": 65}",191
4062,65,243058,243123,1283054,1283118,A,True,"{""A"": 65}",11
4063,65,243123,243188,1329979,1330043,A,True,"{""A"": 65}",295
4064,65,243188,243253,192703,192767,B,True,"{""B"": 65}",125
4065,65,243253,243318,1602739,1602803,A,True,"{""A"": 65}",28
4066,39,243318,243357,1129328,1129366,C,True,"{""C"": 39}",173
4067,65,243357,243422,1708368,1708432,A,True,"{""A"": 65}",4
4068,43,243422,243465,901756,901798,C,True,"{""C"": 43}",90
4069,36,243465,243501,965233,965268,C,True,"{""C"": 36}",90
4070,65,243501,243566,1137354,1137418,C,True,"{""C"": 65}",83
4071,37,243566,243603,787743,787779,C,True,"{""C"": 37}",35
4072,65,243603,243668,1148846,1148910,C,True,"{""C"": 65}",1
4073,65,243668,243733,496863,496927,B,True,"{""B"": 65}",294
4074,65,243733,243798,408389,408453,B,True,"{""B"": 65}",185
4075,65,243798,243863,709086,709150,C,True,"{""C"": 65}",343
4076,65,243863,243928,275755,275819,B,True,"{""B"": 65}",21
4077,65,243928,243993,696984,697048,C,True,"{""C"": 65}",298
4078,65,243993,244058,1178669,1178733,C,True,"{""C"": 65}",45
4079,40,244058,244098,233535,233574,B,True,"{""B"": 40}",171
4080,65,244098,244163,1304695,1304759,A,True,"{""A"": 65}",328
4081,65,244163,244228,1775488,1775552,A,True,"{""A"": 65}",326
4082,65,244228,244293,945162,945226,C,True,"{""C"": 65}",22
4083,38,244293,244331,283627,283664,B,True,"{""B"": 38}",172
4084,65,244331,244396,214624,214688,B,True,"{""B"": 65}",96
4085,39,244396,244435,840048,840086,C,True,"{""C"": 39}",46
4086,65,244435,244500,1705673,1705737,A,True,"{""A"": 65}",196
4087,38,244500,244538,1431854,1431891,A,True,"{""A"": 38}",74
4088,65,244538,244603,977708,977772,C,True,"{""C"": 65}",294
4089,65,244603,244668,1630320,1630384,A,True,"{""A"": 65}",385
4090,65,244668,244733,990587,990651,C,True,"{""C"": 65}",66
4091,65,244733,244798,634003,634067,C,True,"{""C"": 65}",325
4092,65,244798,244863,329070,329134,B,True,"{""B"": 65}",83
4093,45,244863,244908,62084,62128,B,True,"{""B"": 45}",250
4094,65,244908,244973,1081335,1081399,C,True,"{""C"": 65}",283
4095,65,244973,245038,1683205,1683269,A,True,"{""A"": 65}",72
4096,65,245038,245103,1564417,1564481,A,True,"{""A"": 65}",290
4097,65,245103,245168,1452675,1452739,A,True,"{""A"": 65}",125
4098,65,245168,245233,710644,710708,C,True,"{""C"": 65}",83
4099,65,245233,245298,969953,970017,C,True,"{""C"": 65}",125
4100,65,245298,245363,295364,295428,B,True,"{""B"": 65}",131
4101,65,245363,245428,281051,281115,B,True,"{""B"": 65}",4
4102,37,245428,245465,107623,107659,B,True,"{""B"": 37}",306
4103,65,245465,245530,1106787,1106851,C,True,"{""C"": 65}",193
4104,65,245530,245595,1788410,1788474,A,True,"{""A"": 65}",190
4105,65,245595,245660,1629300,1629364,A,True,"{""A"": 65}",166
4106,65,245660,245725,1412114,1412178,A,True,"{""A"": 65}",287
4107,65,245725,245790,187942,188006,B,True,"{""B"": 65}",318
4108,39,245790,245829,1512246,1512284,A,True,"{""A"": 39}",153
4109,65,245829,245894,95040,95104,B,True,"{""B"": 65}",211
4110,65,245894,245959,1252381,1252445,A,True,"{""A"": 65}",374
4111,65,245959,246024,616459,616523,C,True,"{""C"": 65}",142
4112,37,246024,246061,132051,132087,B,True,"{""B"": 37}",120
4113,37,246061,246098,427651,427687,B,True,"{""B"": 37}",20
4114,65,246098,246163,1657457,1657521,A,True,"{""A"": 65}",184
4115,35,246163,246198,473927,473961,B,True,"{""B"": 35}",291
4116,47,246198,246245,1765986,1766032,A,True,"{""A"": 47}",249
4117,45,246245,246290,1393674,1393718,A,True,"{""A"": 45}",54
4118,46,246290,246336,1075236,1075281,C,True,"{""C"": 46}",20
4119,65,246336,246401,375637,375701,B,True,"{""B"": 65}",17
4120,65,246401,246466,75229,75293,B,True,"{""B"": 65}",183
4121,65,246466,246531,593490,593554,B,True,"{""B"": 65}",147
4122,65,246531,246596,1469146,1469210,A,True,"{""A"": 65}",207
4123,65,246596,246661,966438,966502,C,True,"{""C"": 65}",95
4124,39,246661,246700,971107,971145,C,True,"{""C"": 39}",314
4125,65,246700,246765,1140405,1140469,C,True,"{""C"": 65}",364
4126,65,246765,246830,234452,234516,B,True,"{""B"": 65}",64
4127,35,246830,246865,786907,786941,C,True,"{""C"": 35}",366
4128,65,246865,246930,1677269,1677333,A,True,"{""A"": 65}",112
4129,65,246930,246995,849167,849231,C,True,"{""C"": 65}",304
4130,65,246995,247060,102890,102954,B,True,"{""B"": 65}",36
4131,39,247060,247099,281817,281855,B,True,"{""B"": 39}",339
4132,65,247099,247164,211570,211634,B,True,"{""B"": 65}",153
4133,65,247164,247229,21608,21672,B,True,"{""B"": 65}",301
4134,65,247229,247294,602705,602769,C,True,"{""C"": 65}",10
4135,35,247294,247329,1266341,1266375,A,True,"{""A"": 35}",145
4136,49,247329,247378,495736,495784,B,True,"{""B"": 49}",345
4137,65,247378,247443,1446959,1447023,A,True,"{""A"": 65}",80
4138,65,247443,247508,1431145,1431209,A,True,"{""A"": 65}",368
4139,65,247508,247573,639632,639696,C,True,"{""C"": 65}",12
4140,65,247573,247638,1792460,1792524,A,True,"{""A"": 65}",335
4141,65,247638,247703,603433,603497,C,True,"{""C"": 65}",19
4142,49,247703,247752,1647834,1647882,A,True,"{""A"": 49}",28
4143,65,247752,247817,1450009,1450073,A,True,"{""A"": 65}",343
4144,65,247817,247882,520546,520610,B,True,"{""B"": 65}",214
4145,65,247882,247947,69509,69573,B,True,"{""B"": 65}",16
4146,65,247947,248012,1006646,1006710,C,True,"{""C"": 65}",269
4147,65,248012,248077,552962,553026,B,True,"{""B"": 65}",304
4148,65,248077,248142,114907,114971,B,True,"{""B"": 65}",184
4149,65,248142,248207,222402,222466,B,True,"{""B"": 65}",173
4150,65,248207,248272,1520643,1520707,A,True,"{""A"": 65}",5
4151,65,248272,248337,669682,669746,C,True,"{""C"": 65}",29
4152,48,248337,248385,1751410,1751457,A,True,"{""A"": 48}",120
4153,65,248385,248450,1572002,1572066,A,True,"{""A"": 65}",4
4154,35,248450,248485,1016730,1016764,C,True,"{""C"": 35}",174
4155,37,248485,248522,1010685,1010721,C,True,"{""C"": 37}",65
4156,65,248522,248587,1159248,1159312,C,True,"{""C"": 65}",323
4157,65,248587,248652,190345,190409,B,True,"{""B"": 65}",95
4158,65,248652,248717,1653636,1653700,A,True,"{""A"": 65}",266
4159,65,248717,248782,408232,408296,B,True,"{""B"": 65}",194
4160,65,248782,248847,1380676,1380740,A,True,"{""A"": 65}",292
4161,65,248847,248912,238325,238389,B,True,"{""B"": 65}",75
4162,65,248912,248977,531663,531727,B,True,"{""B"": 65}",52
4163,65,248977,249042,834901,834965,C,True,"{""C"": 65}",136
4164,65,249042,249107,79097,79161,B,True,"{""B"": 65}",182
4165,42,249107,249149,181709,181750,B,True,"{""B"": 42}",336
4166,65,249149,249214,861644,861708,C,True,"{""C"": 65}",230
4167,65,249214,249279,1151619,1151683,C,True,"{""C"": 65}",377
4168,65,249279,249344,417438,417502,B,True,"{""B"": 65}",69
4169,65,249344,249409,1685237,1685301,A,True,"{""A"": 65}",123
4170,48,249409,249457,1465007,1465054,A,True,"{""A"": 48}",186
4171,43,249457,249500,426150,426192,B,True,"{""B"": 43}",175
4172,65,249500,249565,118579,118643,B,True,"{""B"": 65}",22
4173,34,249565,249599,57932,57965,B,True,"{""B"": 34}",123
4174,49,249599,249648,1408172,1408220,A,True,"{""A"": 49}",335
4175,65,249648,249713,607998,608062,C,True,"{""C"": 65}",343
4176,65,249713,249778,1511825,1511889,A,True,"{""A"": 65}",240
4177,65,249778,249843,1050304,1050368,C,True,"{""C"": 65}",117
4178,35,249843,249878,487523,487557,B,True,"{""B"": 35}",185
4179,65,249878,249943,386708,386772,B,True,"{""B"": 65}",348
4180,46,249943,249989,431912,431957,B,True,"{""B"": 46}",279
4181,65,249989,250054,580738,580802,B,True,"{""B"": 65}",26
4182,65,250054,250119,1676044,1676108,A,True,"{""A"": 65}",207
4183,65,250119,250184,1177450,1177514,C,True,"{""C"": 65}",299
4184,65,250184,250249,1233743,1233807,A,True,"{""A"": 65}",255
4185,65,250249,250314,1520266,1520330,A,True,"{""A"": 65}",70
4186,65,250314,250379,1037558,1037622,C,True,"{""C"": 65}",107
4187,65,250379,250444,81688,81752,B,True,"{""B"": 65}",26
4188,65,250444,250509,373409,373473,B,True,"{""B"": 65}",107
4189,65,250509,250574,1634810,1634874,A,True,"{""A"": 65}",80
4190,40,250574,250614,1026209,1026248,C,True,"{""C"": 40}",6
4191,65,250614,250679,912683,912747,C,True,"{""C"": 65}",107
4192,65,250679,250744,40234,40298,B,True,"{""B"": 65}",23
4193,65,250744,250809,1484883,1484947,A,True,"{""A"": 65}",88
4194,65,250809,250874,1236636,1236700,A,True,"{""A"": 65}",205
4195,34,250874,250908,471386,471419,B,True,"{""B"": 34}",27
4196,65,250908,250973,1111075,1111139,C,True,"{""C"": 65}",341
4197,49,250973,251022,1302681,1302729,A,True,"{""A"": 49}",185
4198,65,251022,251087,1327100,1327164,A,True,"{""A"": 65}",1
4199,65,251087,251152,1750002,1750066,A,True,"{""A"": 65}",335
4200,65,251152,251217,1522175,1522239,A,True,"{""A"": 65}",198
4201,65,251217,251282,1408960,1409024,A,True,"{""A"": 65}",179
4202,65,251282,251347,779454,779518,C,True,"{""C"": 65}",338
4203,65,251347,251412,95789,95853,B,True,"{""B"": 65}",200
4204,65,251412,251477,1518520,1518584,A,True,"{""A"": 65}",323
4205,65,251477,251542,1410257,1410321,A,True,"{""A"": 65}",124
4206,65,251542,251607,361467,361531,B,True,"{""B"": 65}",256
4207,65,251607,251672,964479,964543,C,True,"{""C"": 65}",296
4208,65,251672,251737,389020,389084,B,True,"{""B"": 65}",295
4209,65,251737,251802,710062,710126,C,True,"{""C"": 65}",100
4210,65,251802,251867,493517,493581,B,True,"{""B"": 65}",349
4211,65,251867,251932,1501035,1501099,A,True,"{""A"": 65}",159
4212,65,251932,251997,759697,759761,C,True,"{""C"": 65}",6
4213,65,251997,252062,85605,85669,B,True,"{""B"": 65}",374
4214,65,252062,252127,453678,453742,B,True,"{""B"": 65}",325
4215,65,252127,252192,1547640,1547704,A,True,"{""A"": 65}",6
4216,65,252192,252257,1749649,1749713,A,True,"{""A"": 65}",326
4217,65,252257,252322,127113,127177,B,True,"{""B"": 65}",12
4218,65,252322,252387,1531280,1531344,A,True,"{""A"": 65}",201
4219,65,252387,252452,1646045,1646109,A,True,"{""A"": 65}",373
4220,65,252452,252517,627905,627969,C,True,"{""C"": 65}",311
4221,65,252517,252582,1794214,1794278,A,True,"{""A"": 65}",71
4222,65,252582,252647,1782827,1782891,A,True,"{""A"": 65}",94
4223,65,252647,252712,1351202,1351266,A,True,"{""A"": 65}",213
4224,65,252712,252777,1205350,1205414,A,True,"{""A"": 65}",173
4225,65,252777,252842,168894,168958,B,True,"{""B"": 65}",211
4226,65,252842,252907,263961,264025,B,True,"{""B"": 65}",109
4227,65,252907,252972,1189609,1189673,C,True,"{""C"": 65}",134
4228,65,252972,253037,1676152,1676216,A,True,"{""A"": 65}",58
4229,42,253037,253079,470786,470827,B,True,"{""B"": 42}",190
4230,65,253079,253144,962274,962338,C,True,"{""C"": 65}",193
4231,65,253144,253209,1605873,1605937,A,True,"{""A"": 65}",275
4232,65,253209,253274,980298,980362,C,True,"{""C"": 65}",141
4233,65,253274,253339,1747217,1747281,A,True,"{""A"": 65}",184
4234,65,253339,253404,741395,741459,C,True,"{""C"": 65}",6
4235,37,253404,253441,309512,309548,B,True,"{""B"": 37}",53
4236,35,253441,253476,1093601,1093635,C,True,"{""C"": 35}",53
4237,65,253476,253541,1462320,1462384,A,True,"{""A"": 65}",127
4238,65,253541,253606,939588,939652,C,True,"{""C"": 65}",53
4239,65,253606,253671,484639,484703,B,True,"{""B"": 65}",227
4240,65,253671,253736,157008,157072,B,True,"{""B"": 65}",277
4241,65,253736,253801,1686334,1686398,A,True,"{""A"": 65}",356
4242,65,253801,253866,1303436,1303500,A,True,"{""A"": 65}",230
4243,65,253866,253931,1781472,1781536,A,True,"{""A"": 65}",172
4244,65,253931,253996,971926,971990,C,True,"{""C"": 65}",38
4245,65,253996,254061,1077539,1077603,C,True,"{""C"": 65}",183
4246,65,254061,254126,718809,718873,C,True,"{""C"": 65}",22
4247,65,254126,254191,1666313,1666377,A,True,"{""A"": 65}",34
4248,65,254191,254256,1641112,1641176,A,True,"{""A"": 65}",376
4249,35,254256,254291,1109979,1110013,C,True,"{""C"": 35}",267
4250,65,254291,254356,473715,473779,B,True,"{""B"": 65}",255
4251,65,254356,254421,1779408,1779472,A,True,"{""A"": 65}",136
4252,47,254421,254468,757274,757320,C,True,"{""C"": 47}",178
4253,65,254468,254533,1086454,1086518,C,True,"{""C"": 65}",193
4254,65,254533,254598,31216,31280,B,True,"{""B"": 65}",344
4255,65,254598,254663,275604,275668,B,True,"{""B"": 65}",315
4256,37,254663,254700,828391,828427,C,True,"{""C"": 37}",156
4257,39,254700,254739,265773,265811,B,True,"{""B"": 39}",60
4258,65,254739,254804,833800,833864,C,True,"{""C"": 65}",237
4259,65,254804,254869,1190083,1190147,C,True,"{""C"": 65}",96
4260,65,254869,254934,1621840,1621904,A,True,"{""A"": 65}",163
4261,65,254934,254999,1724427,1724491,A,True,"{""A"": 65}",60
4262,65,254999,255064,1230974,1231038,A,True,"{""A"": 65}",309
4263,40,255064,255104,1006304,1006343,C,True,"{""C"": 40}",119
4264,65,255104,255169,59330,59394,B,True,"{""B"": 65}",239
4265,65,255169,255234,976739,976803,C,True,"{""C"": 65}",87
4266,65,255234,255299,1156318,1156382,C,True,"{""C"": 65}",156
4267,36,255299,255335,191463,191498,B,True,"{""B"": 36}",181
4268,65,255335,255400,1163194,1163258,C,True,"{""C"": 65}",110
4269,65,255400,255465,987003,987067,C,True,"{""C"": 65}",161
4270,39,255465,255504,1642572,1642610,A,True,"{""A"": 39}",249
4271,65,255504,255569,1172391,1172455,C,True,"{""C"": 65}",76
4272,65,255569,255634,854172,854236,C,True,"{""C"": 65}",219
4273,65,255634,255699,282497,282561,B,True,"{""B"": 65}",342
4274,65,255699,255764,333090,333154,B,True,"{""B"": 65}",218
4275,65,255764,255829,554337,554401,B,True,"{""B"": 65}",177
4276,65,255829,255894,1776495,1776559,A,True,"{""A"": 65}",265
4277,65,255894,255959,1553250,1553314,A,True,"{""A"": 65}",381
4278,38,255959,255997,1385469,1385506,A,True,"{""A"": 38}",16
4279,65,255997,256062,1725220,1725284,A,True,"{""A"": 65}",159
4280,65,256062,256127,806486,806550,C,True,"{""C"": 65}",337
4281,65,256127,256192,1228881,1228945,A,True,"{""A"": 65}",252
4282,65,256192,256257,283238,283302,B,True,"{""B"": 65}",130
4283,65,256257,256322,129040,129104,B,True,"{""B"": 65}",170
4284,65,256322,256387,172379,172443,B,True,"{""B"": 65}",243
4285,48,256387,256435,184608,184655,B,True,"{""B"": 48}",162
4286,65,256435,256500,1564728,1564792,A,True,"{""A"": 65}",206
4287,65,256500,256565,1269285,1269349,A,True,"{""A"": 65}",364
4288,65,256565,256630,1568373,1568437,A,True,"{""A"": 65}",12
4289,65,256630,256695,185654,185718,B,True,"{""B"": 65}",156
4290,48,256695,256743,1276731,1276778,A,True,"{""A"": 48}",309
4291,65,256743,256808,903725,903789,C,True,"{""C"": 65}",8
4292,65,256808,256873,895259,895323,C,True,"{""C"": 65}",134
4293,65,256873,256938,387523,387587,B,True,"{""B"": 65}",353
4294,65,256938,257003,475897,475961,B,True,"{""B"": 65}",275
4295,65,257003,257068,1265862,1265926,A,True,"{""A"": 65}",328
4296,65,257068,257133,930285,930349,C,True,"{""C"": 65}",193
4297,65,257133,257198,189375,189439,B,True,"{""B"": 65}",159
4298,65,257198,257263,813024,813088,C,True,"{""C"": 65}",12
4299,65,257263,257328,1021795,1021859,C,True,"{""C"": 65}",271
4300,65,257328,257393,266676,266740,B,True,"{""B"": 65}",386
4301,65,257393,257458,931298,931362,C,True,"{""C"": 65}",127
4302,65,257458,257523,1595469,1595533,A,True,"{""A"": 65}",198
4303,43,257523,257566,409025,409067,B,True,"{""B"": 43}",217
4304,65,257566,257631,1593617,1593681,A,True,"{""A"": 65}",117
4305,65,257631,257696,1643671,1643735,A,True,"{""A"": 65}",36
4306,65,257696,257761,175816,175880,B,True,"{""B"": 65}",331
4307,65,257761,257826,73456,73520,B,True,"{""B"": 65}",81
4308,65,257826,257891,116347,116411,B,True,"{""B"": 65}",81
4309,39,257891,257930,1563566,1563604,A,True,"{""A"": 39}",166
4310,65,257930,257995,1493069,1493133,A,True,"{""A"": 65}",87
4311,65,257995,258060,1356951,1357015,A,True,"{""A"": 65}",307
4312,65,258060,258125,949288,949352,C,True,"{""C"": 65}",94
4313,65,258125,258190,856420,856484,C,True,"{""C"": 65}",327
4314,65,258190,258255,834436,834500,C,True,"{""C"": 65}",293
4315,65,258255,258320,1186322,1186386,C,True,"{""C"": 65}",174
4316,65,258320,258385,180651,180715,B,True,"{""B"": 65}",200
4317,65,258385,258450,1672407,1672471,A,True,"{""A"": 65}",24
4318,65,258450,258515,1499344,1499408,A,True,"{""A"": 65}",318
4319,65,258515,258580,1635592,1635656,A,True,"{""A"": 65}",296
4320,41,258580,258621,1661155,1661195,A,True,"{""A"": 41}",253
4321,65,258621,258686,1161877,1161941,C,True,"{""C"": 65}",289
4322,34,258686,258720,901216,901249,C,True,"{""C"": 34}",211
4323,65,258720,258785,177108,177172,B,True,"{""B"": 65}",238
4324,65,258785,258850,581021,581085,B,True,"{""B"": 65}",222
4325,65,258850,258915,1772196,1772260,A,True,"{""A"": 65}",342
4326,65,258915,258980,1612596,1612660,A,True,"{""A"": 65}",361
4327,65,258980,259045,1004336,1004400,C,True,"{""C"": 65}",19
4328,65,259045,259110,1611750,1611814,A,True,"{""A"": 65}",101
4329,65,259110,259175,1580292,1580356,A,True,"{""A"": 65}",101
4330,65,259175,259240,1567775,1567839,A,True,"{""A"": 65}",178
4331,43,259240,259283,984498,984540,C,True,"{""C"": 43}",194
4332,65,259283,259348,301303,301367,B,True,"{""B"": 65}",202
4333,65,259348,259413,247173,247237,B,True,"{""B"": 65}",98
4334,65,259413,259478,23611,23675,B,True,"{""B"": 65}",238
4335,65,259478,259543,741576,741640,C,True,"{""C"": 65}",345
4336,65,259543,259608,87535,87599,B,True,"{""B"": 65}",99
4337,65,259608,259673,1094475,1094539,C,True,"{""C"": 65}",293
4338,65,259673,259738,88998,89062,B,True,"{""B"": 65}",352
4339,65,259738,259803,603441,603505,C,True,"{""C"": 65}",194
4340,65,259803,259868,1151365,1151429,C,True,"{""C"": 65}",188
4341,65,259868,259933,1518327,1518391,A,True,"{""A"": 65}",358
4342,65,259933,259998,863679,863743,C,True,"{""C"": 65}",346
4343,65,259998,260063,1644300,1644364,A,True,"{""A"": 65}",331
4344,37,260063,260100,1628471,1628507,A,True,"{""A"": 37}",333
4345,65,260100,260165,593278,593342,B,True,"{""B"": 65}",99
4346,65,260165,260230,1469138,1469202,A,True,"{""A"": 65}",359
4347,65,260230,260295,1694154,1694218,A,True,"{""A"": 65}",378
4348,65,260295,260360,1033530,1033594,C,True,"{""C"": 65}",187
4349,65,260360,260425,1651748,1651812,A,True,"{""A"": 65}",354
4350,65,260425,260490,1702494,1702558,A,True,"{""A"": 65}",73
4351,47,260490,260537,1172391,1172437,C,True,"{""C"": 47}",211
4352,65,260537,260602,176882,176946,B,True,"{""B"": 65}",235
4353,65,260602,260667,555372,555436,B,True,"{""B"": 65}",259
4354,65,260667,260732,1033355,1033419,C,True,"{""C"": 65}",379
4355,65,260732,260797,1282753,1282817,A,True,"{""A"": 65}",163
4356,65,260797,260862,459021,459085,B,True,"{""B"": 65}",99
4357,46,260862,260908,57371,57416,B,True,"{""B"": 46}",111
4358,65,260908,260973,1717266,1717330,A,True,"{""A"": 65}",187
4359,65,260973,261038,1269275,1269339,A,True,"{""A"": 65}",276
4360,65,261038,261103,456376,456440,B,True,"{""B"": 65}",349
4361,41,261103,261144,1535525,1535565,A,True,"{""A"": 41}",73
4362,65,261144,261209,544304,544368,B,True,"{""B"": 65}",251
4363,65,261209,261274,1589645,1589709,A,True,"{""A"": 65}",244
4364,41,261274,261315,160011,160051,B,True,"{""B"": 41}",76
4365,43,261315,261358,1095982,1096024,C,True,"{""C"": 43}",241
4366,65,261358,261423,947526,947590,C,True,"{""C"": 65}",162
4367,65,261423,261488,1297009,1297073,A,True,"{""A"": 65}",368
4368,65,261488,261553,266178,266242,B,True,"{""B"": 65}",170
4369,65,261553,261618,840922,840986,C,True,"{""C"": 65}",265
4370,65,261618,261683,275826,275890,B,True,"{""B"": 65}",229
4371,65,261683,261748,276209,276273,B,True,"{""B"": 65}",273
4372,65,261748,261813,401715,401779,B,True,"{""B"": 65}",204
4373,65,261813,261878,1262745,1262809,A,True,"{""A"": 65}",111
4374,65,261878,261943,47314,47378,B,True,"{""B"": 65}",114
4375,46,261943,261989,1748287,1748332,A,True,"{""A"": 46}",195
4376,65,261989,262054,302730,302794,B,True,"{""B"": 65}",279
4377,65,262054,262119,91368,91432,B,True,"{""B"": 65}",98
4378,47,262119,262166,1032611,1032657,C,True,"{""C"": 47}",246
4379,65,262166,262231,1703872,1703936,A,True,"{""A"": 65}",233
4380,65,262231,262296,1466638,1466702,A,True,"{""A"": 65}",139
4381,65,262296,262361,859540,859604,C,True,"{""C"": 65}",233
4382,65,262361,262426,392970,393034,B,True,"{""B"": 65}",227
4383,65,262426,262491,549017,549081,B,True,"{""B"": 65}",73
4384,65,262491,262556,1250117,1250181,A,True,"{""A"": 65}",210
4385,38,262556,262594,492117,492154,B,True,"{""B"": 38}",368
4386,65,262594,262659,1515967,1516031,A,True,"{""A"": 65}",229
4387,65,262659,262724,1456199,1456263,A,True,"{""A"": 65}",235
4388,65,262724,262789,1424399,1424463,A,True,"{""A"": 65}",243
4389,65,262789,262854,181387,181451,B,True,"{""B"": 65}",111
4390,49,262854,262903,1286729,1286777,A,True,"{""A"": 49}",98
4391,65,262903,262968,34247,34311,B,True,"{""B"": 65}",378
4392,65,262968,263033,1571842,1571906,A,True,"{""A"": 65}",169
4393,65,263033,263098,1424522,1424586,A,True,"{""A"": 65}",238
4394,65,263098,263163,969319,969383,C,True,"{""C"": 65}",360
4395,65,263163,263228,1495020,1495084,A,True,"{""A"": 65}",181
4396,65,263228,263293,820193,820257,C,True,"{""C"": 65}",260
4397,65,263293,263358,364293,364357,B,True,"{""B"": 65}",73
4398,65,263358,263423,63525,63589,B,True,"{""B"": 65}",116
4399,65,263423,263488,774033,774097,C,True,"{""C"": 65}",350
4400,65,263488,263553,1662107,1662171,A,True,"{""A"": 65}",163
4401,65,263553,263618,1149893,1149957,C,True,"{""C"": 65}",229
4402,65,263618,263683,1671351,1671415,A,True,"{""A"": 65}",81
4403,48,263683,263731,31951,31998,B,True,"{""B"": 48}",231
4404,65,263731,263796,1117919,1117983,C,True,"{""C"": 65}",48
4405,34,263796,263830,4549,4582,B,True,"{""B"": 34}",110
4406,65,263830,263895,25141,25205,B,True,"{""B"": 65}",378
4407,65,263895,263960,1012509,1012573,C,True,"{""C"": 65}",331
4408,65,263960,264025,1666038,1666102,A,True,"{""A"": 65}",386
4409,65,264025,264090,1276010,1276074,A,True,"{""A"": 65}",195
4410,65,264090,264155,1747794,1747858,A,True,"{""A"": 65}",333
4411,65,264155,264220,147030,147094,B,True,"{""B"": 65}",187
4412,65,264220,264285,1448114,1448178,A,True,"{""A"": 65}",386
4413,65,264285,264350,1530988,1531052,A,True,"{""A"": 65}",146
4414,65,264350,264415,612781,612845,C,True,"{""C"": 65}",114
4415,65,264415,264480,1006080,1006144,C,True,"{""C"": 65}",81
4416,65,264480,264545,164599,164663,B,True,"{""B"": 65}",84
4417,65,264545,264610,1459450,1459514,A,True,"{""A"": 65}",266
4418,65,264610,264675,1688743,1688807,A,True,"{""A"": 65}",241
4419,65,264675,264740,1582391,1582455,A,True,"{""A"": 65}",358
4420,65,264740,264805,1740348,1740412,A,True,"{""A"": 65}",82
4421,65,264805,264870,1750285,1750349,A,True,"{""A"": 65}",247
4422,65,264870,264935,333255,333319,B,True,"{""B"": 65}",207
4423,65,264935,265000,227603,227667,B,True,"{""B"": 65}",169
4424,65,265000,265065,1642618,1642682,A,True,"{""A"": 65}",170
4425,65,265065,265130,1236462,1236526,A,True,"{""A"": 65}",221
4426,65,265130,265195,1720757,1720821,A,True,"{""A"": 65}",241
4427,65,265195,265260,1228882,1228946,A,True,"{""A"": 65}",242
4428,65,265260,265325,621630,621694,C,True,"{""C"": 65}",315
4429,47,265325,265372,1117252,1117298,C,True,"{""C"": 47}",169
4430,35,265372,265407,1686392,1686426,A,True,"{""A"": 35}",245
4431,65,265407,265472,1193658,1193722,A,True,"{""A"": 65}",254
4432,49,265472,265521,18636,18684,B,True,"{""B"": 49}",254
4433,65,265521,265586,1512098,1512162,A,True,"{""A"": 65}",252
4434,65,265586,265651,1644513,1644577,A,True,"{""A"": 65}",204
4435,65,265651,265716,612946,613010,C,True,"{""C"": 65}",333
4436,65,265716,265781,905342,905406,C,True,"{""C"": 65}",247
4437,47,265781,265828,1154752,1154798,C,True,"{""C"": 47}",333
4438,65,265828,265893,587111,587175,B,True,"{""B"": 65}",181
4439,65,265893,265958,45753,45817,B,True,"{""B"": 65}",187
4440,65,265958,266023,129048,129112,B,True,"{""B"": 65}",269
4441,65,266023,266088,521247,521311,B,True,"{""B"": 65}",163
4442,65,266088,266153,1515867,1515931,A,True,"{""A"": 65}",333
4443,46,266153,266199,1264697,1264742,A,True,"{""A"": 46}",362
4444,65,266199,266264,111788,111852,B,True,"{""B"": 65}",273
4445,65,266264,266329,125045,125109,B,True,"{""B"": 65}",275
4446,65,266329,266394,504061,504125,B,True,"{""B"": 65}",187
4447,65,266394,266459,1345325,1345389,A,True,"{""A"": 65}",82
4448,65,266459,266524,1533226,1533290,A,True,"{""A"": 65}",71
4449,39,266524,266563,271737,271775,B,True,"{""B"": 39}",251
4450,36,266563,266599,1686610,1686645,A,True,"{""A"": 36}",354
4451,65,266599,266664,723992,724056,C,True,"{""C"": 65}",274
4452,65,266664,266729,170671,170735,B,True,"{""B"": 65}",24
4453,65,266729,266794,1106566,1106630,C,True,"{""C"": 65}",268
4454,65,266794,266859,1112211,1112275,C,True,"{""C"": 65}",277
4455,65,266859,266924,1432252,1432316,A,True,"{""A"": 65}",205
4456,43,266924,266967,1293995,1294037,A,True,"{""A"": 43}",205
4457,65,266967,267032,929990,930054,C,True,"{""C"": 65}",263
4458,65,267032,267097,1185228,1185292,C,True,"{""C"": 65}",355
4459,65,267097,267162,1420294,1420358,A,True,"{""A"": 65}",364
4460,65,267162,267227,1401736,1401800,A,True,"{""A"": 65}",258
4461,65,267227,267292,1426418,1426482,A,True,"{""A"": 65}",263
4462,65,267292,267357,762407,762471,C,True,"{""C"": 65}",268
4463,65,267357,267422,1426432,1426496,A,True,"{""A"": 65}",221
4464,65,267422,267487,704891,704955,C,True,"{""C"": 65}",272
4465,65,267487,267552,1428677,1428741,A,True,"{""A"": 65}",362
4466,65,267552,267617,1427083,1427147,A,True,"{""A"": 65}",364
4467,65,267617,267682,40639,40703,B,True,"{""B"": 65}",274
